src,dst,instance_limit,lambda_gbps,budget_ms,milp_full_cost,milp_full_sb,milp_fix1_cost,xron_vanilla_cost,xron_fairbatch_cost,milp_full_time,milp_fix1_time,xron_vanilla_time,xron_fairbatch_time
aws:us-east-1,azure:brazilsouth,1,1.0,100.0,41.58,1.9531755857293405,41.58,41.58,41.58,1.0576379999999999,0.9486091670000008,0.0007119579999992354,0.0006450000000004508
aws:us-east-1,azure:brazilsouth,1,1.0,200.0,41.58,6.539171325878435,41.58,41.58,41.58,1.158275292,0.9299186250000009,0.0006957080000002946,0.0006461660000010028
aws:us-east-1,azure:brazilsouth,1,1.0,300.0,41.58,11.12516706602753,41.58,41.58,41.58,1.060546833,1.0304929170000001,0.0008192920000009707,0.0006556250000002706
aws:us-east-1,azure:brazilsouth,1,1.0,500.0,41.58,20.29715854632572,41.58,41.58,41.58,0.9448034169999993,0.9258654580000005,0.0007595829999988979,0.000762541000000283
aws:us-east-1,azure:brazilsouth,1,1.0,1000.0,41.58,32.0,41.58,41.58,41.58,0.9860843750000008,1.9743590830000013,0.0010372500000030982,0.0007024999999991621
aws:us-east-1,azure:brazilsouth,1,2.0,100.0,105.01200000000001,1.7070449993621146,105.01200000000001,106.97130000000001,106.97130000000001,1.0310396660000016,1.0759332919999984,0.0007103340000007563,0.000921542000000386
aws:us-east-1,azure:brazilsouth,1,2.0,200.0,105.01200000000001,5.887904659812861,105.01200000000001,106.97130000000001,106.97130000000001,0.989304624999999,1.0387549169999986,0.0007063750000000368,0.000636624999998503
aws:us-east-1,azure:brazilsouth,1,2.0,300.0,99.74700000000001,1.9794152738434434,99.74699999999999,106.97130000000001,106.97130000000001,1.4489938339999995,1.8300249999999991,0.000704417000001456,0.00064270800000088
aws:us-east-1,azure:brazilsouth,1,2.0,500.0,99.1395,2.503184912081622,99.1395,106.97130000000001,106.97130000000001,0.9997450419999971,0.9607501660000004,0.0008177919999994288,0.0006864590000006388
aws:us-east-1,azure:brazilsouth,1,2.0,1000.0,99.01800000000001,2.19000571210967,99.018,106.97130000000001,106.97130000000001,0.978874667000003,0.9613552910000003,0.0008924169999993126,0.0007380000000019038
aws:us-east-1,azure:brazilsouth,1,3.0,100.0,182.95290000000003,1.807821647344408,182.95290000000003,186.6213,186.6213,0.9302846670000022,0.9237625000000023,0.0007015419999980566,0.0006406249999990621
aws:us-east-1,azure:brazilsouth,1,3.0,200.0,182.95290000000003,6.235501410617314,182.95290000000003,186.6213,186.6213,0.9830352500000004,0.9362114170000027,0.0007149579999996547,0.0006509579999978143
aws:us-east-1,azure:brazilsouth,1,3.0,300.0,176.70599999999996,2.0093167665428844,176.70599999999996,186.6213,186.6213,0.9715096660000029,0.9298876669999956,0.000765042000004712,0.0006652920000007612
aws:us-east-1,azure:brazilsouth,1,3.0,500.0,175.6395,2.5316655511998647,175.6395,186.6213,186.6213,0.9161463339999969,0.9794616669999954,0.0007850000000004798,0.0006787920000022041
aws:us-east-1,azure:brazilsouth,1,3.0,1000.0,175.51800000000003,2.198797553049129,175.518,186.6213,186.6213,0.9971396250000026,0.9384201660000002,0.0008423340000049961,0.0007012920000022405
aws:us-east-1,azure:brazilsouth,1,5.0,100.0,361.49985000000004,1.7227275883835667,361.4998499999999,361.49985,361.49985,1.150871500000001,0.9787080830000008,0.0007358330000002411,0.0006505420000024742
aws:us-east-1,azure:brazilsouth,1,5.0,200.0,344.82464999999996,1.2615158023875956,344.82465,361.49985,361.49985,0.9459539170000042,0.9846037090000053,0.0007171250000013174,0.000763458999998079
aws:us-east-1,azure:brazilsouth,1,5.0,300.0,336.89294999999976,1.7804115781099226,336.89295,361.49985,361.49985,0.9393672910000035,0.963969750000004,0.000773416000001248,0.0006930840000052285
aws:us-east-1,azure:brazilsouth,1,5.0,500.0,335.73419999999993,1.4366839396424476,335.73420000000004,361.49985,361.49985,0.9618301670000022,0.9151269169999949,0.000768458000003136,0.0007267499999983329
aws:us-east-1,azure:brazilsouth,1,5.0,1000.0,335.35620000000006,2.2058820144988687,335.35620000000006,361.49985,361.49985,0.9492997079999981,0.921646041999999,0.0008019590000003518,0.0007362500000027694
aws:us-east-1,azure:brazilsouth,1,8.0,100.0,,,,,,0.9352357499999968,1.0208700000000022,0.0007225830000052724,0.0
aws:us-east-1,azure:brazilsouth,1,8.0,200.0,,,,,,0.9984448750000041,0.9382648340000017,0.0008240000000014902,0.0
aws:us-east-1,azure:brazilsouth,1,8.0,300.0,,,,,,0.9099694579999991,0.9155380420000014,0.0010597089999961895,0.0
aws:us-east-1,azure:brazilsouth,1,8.0,500.0,,,,,,0.9773376659999968,0.9694235420000012,0.0015408329999999637,0.0
aws:us-east-1,azure:brazilsouth,1,8.0,1000.0,,,,,,0.9231849590000039,0.933517375000001,0.0021380000000021937,0.0
aws:us-east-1,azure:brazilsouth,1,10.0,100.0,,,,,,0.9600802090000045,0.954720249999994,0.0007034590000003504,0.0
aws:us-east-1,azure:brazilsouth,1,10.0,200.0,,,,,,0.9481226669999998,0.9089708329999979,0.0007910830000028568,0.0
aws:us-east-1,azure:brazilsouth,1,10.0,300.0,,,,,,0.955506750000005,0.9252090000000024,0.0010651250000037749,0.0
aws:us-east-1,azure:brazilsouth,1,10.0,500.0,,,,,,0.993270625000001,0.9803914169999999,0.0013461670000012305,0.0
aws:us-east-1,azure:brazilsouth,1,10.0,1000.0,,,,,,1.0307180000000002,0.9208657920000007,0.0019450000000063028,0.0
aws:us-east-1,azure:brazilsouth,1,12.0,100.0,,,,,,0.9358667919999988,1.007044124999993,0.000768292000003612,0.0
aws:us-east-1,azure:brazilsouth,1,12.0,200.0,,,,,,0.9294450419999976,0.9466765419999916,0.0008220420000100148,0.0
aws:us-east-1,azure:brazilsouth,1,12.0,300.0,,,,,,0.9237039580000044,0.9337035419999893,0.0010698340000061535,0.0
aws:us-east-1,azure:brazilsouth,1,12.0,500.0,,,,,,0.9278969159999946,1.0283883749999916,0.0014287079999917296,0.0
aws:us-east-1,azure:brazilsouth,1,12.0,1000.0,,,,,,0.9353002910000043,0.954823917000013,0.0018997499999926504,0.0
aws:us-east-1,azure:brazilsouth,1,15.0,100.0,,,,,,0.9707487499999985,0.9328990830000095,0.0006987499999979718,0.0
aws:us-east-1,azure:brazilsouth,1,15.0,200.0,,,,,,0.9670657090000105,0.9794329590000075,0.0008126249999946822,0.0
aws:us-east-1,azure:brazilsouth,1,15.0,300.0,,,,,,1.535279291000009,1.3118750839999933,0.0010701249999982565,0.0
aws:us-east-1,azure:brazilsouth,1,15.0,500.0,,,,,,1.074543250000005,1.0018865839999904,0.001411457999992649,0.0
aws:us-east-1,azure:brazilsouth,1,15.0,1000.0,,,,,,0.9171169159999977,0.9129075000000029,0.001863624999998592,0.0
aws:us-east-1,azure:brazilsouth,2,1.0,100.0,41.58,1.9531755857293405,41.58,41.58,41.58,0.9304166250000065,0.8996198749999991,0.0006908749999894326,0.0006464999999877818
aws:us-east-1,azure:brazilsouth,2,1.0,200.0,41.58,6.539171325878435,41.58,41.58,41.58,0.9175917080000033,0.8973460830000022,0.0007026250000023992,0.0006445420000034119
aws:us-east-1,azure:brazilsouth,2,1.0,300.0,41.58,11.12516706602753,41.58,41.58,41.58,0.9117505829999999,0.8792904160000035,0.0007639170000004469,0.0006797919999996793
aws:us-east-1,azure:brazilsouth,2,1.0,500.0,41.58,20.29715854632572,41.58,41.58,41.58,0.8938269580000053,0.8670025840000051,0.0007292079999956513,0.0006520829999914213
aws:us-east-1,azure:brazilsouth,2,1.0,1000.0,41.58,32.0,41.58,41.58,41.58,0.917551790999994,0.8745992919999992,0.0008124170000058939,0.0006537079999873185
aws:us-east-1,azure:brazilsouth,2,2.0,100.0,82.62,2.391955493967849,82.62,82.62,82.62,0.8904185420000061,0.8685450839999902,0.0007037909999922931,0.0007083340000093585
aws:us-east-1,azure:brazilsouth,2,2.0,200.0,82.62,8.008192859471599,82.62,82.62,82.62,0.8968396669999947,0.9179797500000006,0.0007021250000036616,0.00064812499999789
aws:us-east-1,azure:brazilsouth,2,2.0,300.0,82.62,13.624430224975349,82.62,82.62,82.62,0.9192963339999949,0.8893883329999994,0.0007462920000023132,0.0006541659999896865
aws:us-east-1,azure:brazilsouth,2,2.0,500.0,82.62,24.85690495598285,82.62,82.62,82.62,0.9090431249999966,0.9105793330000012,0.0007902910000012753,0.0006357919999970818
aws:us-east-1,azure:brazilsouth,2,2.0,1000.0,82.62,32.0,82.62,82.62,82.62,0.9785973329999962,0.9237438330000032,0.0007585419999998066,0.000631208000001493
aws:us-east-1,azure:brazilsouth,2,3.0,100.0,132.444,1.8078216473444044,132.4439999999999,133.2126,133.2126,0.9023046249999993,0.9244477499999988,0.0006925420000101212,0.0006511250000045266
aws:us-east-1,azure:brazilsouth,2,3.0,200.0,132.444,6.235501410617308,132.444,133.2126,133.2126,0.9668648330000025,0.8745013329999978,0.0007344579999966072,0.0006544170000069016
aws:us-east-1,azure:brazilsouth,2,3.0,300.0,126.936,2.0093167665428764,126.936,133.2126,133.2126,0.9400206250000025,0.9231538339999901,0.0007319159999923386,0.0006682089999969776
aws:us-east-1,azure:brazilsouth,2,3.0,500.0,126.936,4.275250532026761,126.936,133.2126,133.2126,0.8856277920000082,0.8757524579999938,0.0007456669999896803,0.0006732500000055097
aws:us-east-1,azure:brazilsouth,2,3.0,1000.0,126.936,9.940084945736405,126.936,133.2126,133.2126,0.928427415999991,0.8868092080000025,0.0007819579999903681,0.0006543749999963211
aws:us-east-1,azure:brazilsouth,2,5.0,100.0,285.4440000000001,1.8974348067690556,285.4440000000002,293.0526,293.0526,0.9238731250000001,0.9351768749999962,0.0007274999999964393,0.0006552090000013777
aws:us-east-1,azure:brazilsouth,2,5.0,200.0,285.4440000000001,6.544593285262746,285.4440000000002,293.0526,293.0526,0.8959565000000111,0.8859034589999908,0.0006948749999935444,0.0006311249999981783
aws:us-east-1,azure:brazilsouth,2,5.0,300.0,274.914,2.033896363586866,274.914,293.0526,293.0526,0.8871102499999921,0.9514635839999954,0.0007653750000002901,0.0006696250000004511
aws:us-east-1,azure:brazilsouth,2,5.0,500.0,273.699,2.554920974931914,273.699,293.0526,293.0526,0.9161532079999972,0.9096329999999995,0.000751375000007215,0.0007212499999980082
aws:us-east-1,azure:brazilsouth,2,5.0,1000.0,273.3885000000001,2.205882014498865,273.3885000000001,293.0526,293.0526,0.8900543339999984,0.9233019170000034,0.0007856670000023769,0.0007137080000063634
aws:us-east-1,azure:brazilsouth,2,8.0,100.0,524.1258,1.9518583780307637,524.1258,527.6097,527.6097,0.9182799999999958,0.911396584000002,0.000710792000006677,0.0006384579999973994
aws:us-east-1,azure:brazilsouth,2,8.0,200.0,524.1258,6.732309952928336,524.1258,527.6097,527.6097,0.888907415999995,0.9181892499999975,0.0019550420000058466,0.0019142080000023043
aws:us-east-1,azure:brazilsouth,2,8.0,300.0,512.1153,2.0479884853790757,512.1153,527.6097,527.6097,0.8874388340000081,0.8640235839999946,0.0007657499999993433,0.0006786670000025197
aws:us-east-1,azure:brazilsouth,2,8.0,500.0,509.9409,1.4420966156193846,509.94090000000006,527.6097,527.6097,0.9252418750000118,0.8887279169999829,0.0007787499999949432,0.0007039589999919826
aws:us-east-1,azure:brazilsouth,2,8.0,1000.0,509.1849,2.2098871223401666,509.1849,527.6097,527.6097,0.8883878340000138,0.8738628750000146,0.000832333000005292,0.0007427919999827282
aws:us-east-1,azure:brazilsouth,2,10.0,100.0,721.3797000000001,1.7893506039326255,721.3796999999998,721.3797,721.3797,0.8681622499999833,0.9257020830000044,0.0007221670000205904,0.000668208000007553
aws:us-east-1,azure:brazilsouth,2,10.0,200.0,688.0292999999999,1.2786093071812275,688.0293,721.3797,721.3797,0.9210897090000003,0.8847196250000025,0.0007280829999842808,0.0006732909999982439
aws:us-east-1,azure:brazilsouth,2,10.0,300.0,672.6356999999999,1.7958099567218337,672.6356999999999,721.3797,721.3797,0.886047375000004,0.8909467500000119,0.000766625000011345,0.0006837500000074215
aws:us-east-1,azure:brazilsouth,2,10.0,500.0,670.2628499999998,1.4439099155148165,670.2628499999998,721.3797,721.3797,0.9958345000000008,0.8852663339999935,0.0007652909999933399,0.0007092919999820424
aws:us-east-1,azure:brazilsouth,2,10.0,1000.0,669.5649,2.2112253921870177,669.5649000000002,721.3797,721.3797,0.9160471670000163,1.0184505000000001,0.000829791999990448,0.0007182499999771608
aws:us-east-1,azure:brazilsouth,2,12.0,100.0,,,,,,0.8838483750000137,0.9054370830000096,0.000739916999975776,0.0
aws:us-east-1,azure:brazilsouth,2,12.0,200.0,,,,,,0.9099879999999985,0.8779143329999783,0.0008223750000126984,0.0
aws:us-east-1,azure:brazilsouth,2,12.0,300.0,,,,,,0.9017905839999969,0.9090313750000121,0.0010666249999928823,0.0
aws:us-east-1,azure:brazilsouth,2,12.0,500.0,,,,,,0.8986180420000096,0.9189316659999918,0.0013976670000204194,0.0
aws:us-east-1,azure:brazilsouth,2,12.0,1000.0,,,,,,0.8890200000000164,0.939428625000005,0.0018479590000026747,0.0
aws:us-east-1,azure:brazilsouth,2,15.0,100.0,,,,,,0.8669032500000071,0.8895364999999913,0.0007734159999870371,0.0
aws:us-east-1,azure:brazilsouth,2,15.0,200.0,,,,,,0.9067324170000006,0.9001804170000014,0.0008282080000014957,0.0
aws:us-east-1,azure:brazilsouth,2,15.0,300.0,,,,,,0.8908824170000003,0.8794181250000008,0.0010645000000124583,0.0
aws:us-east-1,azure:brazilsouth,2,15.0,500.0,,,,,,0.8747505000000046,0.8568231250000053,0.0013938339999981508,0.0
aws:us-east-1,azure:brazilsouth,2,15.0,1000.0,,,,,,0.9185392500000091,0.8876369580000016,0.0018090420000191898,0.0
aws:us-east-1,azure:brazilsouth,4,1.0,100.0,41.58,1.9531755857293405,41.58,41.58,41.58,0.8733414579999987,0.8712763750000079,0.0006937499999821739,0.0006464579999772013
aws:us-east-1,azure:brazilsouth,4,1.0,200.0,41.58,6.539171325878435,41.58,41.58,41.58,0.9319472910000002,1.0297779999999932,0.0007146659999932581,0.0006515830000068945
aws:us-east-1,azure:brazilsouth,4,1.0,300.0,41.58,11.12516706602753,41.58,41.58,41.58,1.2824783749999824,0.9463510829999962,0.0007806670000150007,0.0006552920000046925
aws:us-east-1,azure:brazilsouth,4,1.0,500.0,41.58,20.29715854632572,41.58,41.58,41.58,1.407841542,1.0935924999999997,0.0007909579999818561,0.0006586670000103823
aws:us-east-1,azure:brazilsouth,4,1.0,1000.0,41.58,32.0,41.58,41.58,41.58,0.9408843750000244,0.8761709579999888,0.0007630829999811795,0.0006280409999988024
aws:us-east-1,azure:brazilsouth,4,2.0,100.0,82.62,2.391955493967849,82.62,82.62,82.62,0.8744283749999795,0.8788246660000141,0.0006887090000020635,0.0006485420000217346
aws:us-east-1,azure:brazilsouth,4,2.0,200.0,82.62,8.008192859471599,82.62,82.62,82.62,0.8889812500000005,0.9103192499999864,0.0008030420000011418,0.0007119590000002063
aws:us-east-1,azure:brazilsouth,4,2.0,300.0,82.62,13.624430224975349,82.62,82.62,82.62,0.9200764160000006,0.9066433340000231,0.0007007910000140782,0.0006285839999975451
aws:us-east-1,azure:brazilsouth,4,2.0,500.0,82.62,24.85690495598285,82.62,82.62,82.62,0.9270730000000071,0.9595063329999789,0.0007394999999803531,0.0006680420000009235
aws:us-east-1,azure:brazilsouth,4,2.0,1000.0,82.62,32.0,82.62,82.62,82.62,0.9079391250000128,0.9176587080000047,0.0007885409999914827,0.0006563750000054824
aws:us-east-1,azure:brazilsouth,4,3.0,100.0,123.66000000000001,2.5855712523494105,123.66000000000001,123.66000000000001,123.66000000000001,0.8861761249999915,0.8649167920000025,0.000709917000023097,0.0006471250000004147
aws:us-east-1,azure:brazilsouth,4,3.0,200.0,123.66000000000001,8.656412417762944,123.66000000000001,123.66000000000001,123.66000000000001,0.8895990409999968,0.8894232920000036,0.0007053329999848756,0.0006459999999890442
aws:us-east-1,azure:brazilsouth,4,3.0,300.0,123.66000000000001,14.727253583176477,123.66000000000001,123.66000000000001,123.66000000000001,0.9225333750000004,0.9441327090000016,0.0008205409999959556,0.0006488749999959964
aws:us-east-1,azure:brazilsouth,4,3.0,500.0,123.66000000000001,26.868935914003544,123.66000000000001,123.66000000000001,123.66000000000001,0.910331124999999,0.9038041249999935,0.0007929590000230746,0.0006479170000091017
aws:us-east-1,azure:brazilsouth,4,3.0,1000.0,123.66000000000001,32.0,123.66000000000001,123.66000000000001,123.66000000000001,0.9518032919999939,0.9424408750000168,0.001107000000018843,0.0007102919999795176
aws:us-east-1,azure:brazilsouth,4,5.0,100.0,205.19999999999996,2.7645943246907585,205.19999999999996,205.19999999999996,205.19999999999996,0.911355541000006,0.9308658330000128,0.0007048749999967185,0.0007343329999969228
aws:us-east-1,azure:brazilsouth,4,5.0,200.0,205.19999999999996,9.255776115465554,205.19999999999996,205.19999999999996,205.19999999999996,0.9151775840000198,0.9010842079999861,0.0007145419999972091,0.000648415999989993
aws:us-east-1,azure:brazilsouth,4,5.0,300.0,205.19999999999996,15.74695790624035,205.19999999999996,205.19999999999996,205.19999999999996,0.868583583000003,0.9114421670000183,0.0007417080000209353,0.0006472919999964688
aws:us-east-1,azure:brazilsouth,4,5.0,500.0,205.19999999999996,28.729321487789946,205.19999999999996,205.19999999999996,205.19999999999996,0.8988326660000041,0.8893444169999896,0.0007304579999924954,0.0006296660000089105
aws:us-east-1,azure:brazilsouth,4,5.0,1000.0,205.19999999999996,32.0,205.19999999999996,205.19999999999996,205.19999999999996,0.9349304999999788,0.8943408330000011,0.0007694999999898755,0.0006289580000213846
aws:us-east-1,azure:brazilsouth,4,8.0,100.0,416.80800000000005,1.9518583780307672,416.80800000000005,425.1852,425.1852,0.9216762910000114,0.9070099169999821,0.0006754169999965143,0.0006281659999842759
aws:us-east-1,azure:brazilsouth,4,8.0,200.0,416.80800000000005,6.732309952928336,416.80800000000005,425.1852,425.1852,0.9130750000000205,0.8877269580000018,0.0007067500000061955,0.0006774580000126207
aws:us-east-1,azure:brazilsouth,4,8.0,300.0,395.74800000000005,2.0479884853790757,395.74799999999993,425.1852,425.1852,1.0838234169999907,0.8863285420000011,0.0007413750000182517,0.0006698329999892394
aws:us-east-1,azure:brazilsouth,4,8.0,500.0,393.31800000000004,2.5681908780096876,393.31800000000004,425.1852,425.1852,0.9154696249999859,1.0616168340000058,0.0007618329999843354,0.000682334000003948
aws:us-east-1,azure:brazilsouth,4,8.0,1000.0,392.57550000000003,2.2098871223401666,392.5755,425.1852,425.1852,1.5237414169999965,0.9551961669999969,0.0007887499999981173,0.000844000000000733
aws:us-east-1,azure:brazilsouth,4,10.0,100.0,570.3480000000001,1.9707112531899402,570.3480000000003,585.0252,585.0252,0.9081576250000012,0.9992734589999941,0.0007369580000045062,0.0006824579999999969
aws:us-east-1,azure:brazilsouth,4,10.0,200.0,570.3480000000001,6.797298263304057,570.3480000000003,585.0252,585.0252,0.8980329579999875,0.9276176250000105,0.0007193749999885313,0.000662832999978491
aws:us-east-1,azure:brazilsouth,4,10.0,300.0,548.7479999999999,2.0527293549392844,548.7479999999999,585.0252,585.0252,0.9291750419999971,0.8671822920000238,0.0007141670000123668,0.0006462919999989936
aws:us-east-1,azure:brazilsouth,4,10.0,500.0,546.3180000000001,2.5726448641715614,546.3180000000001,585.0252,585.0252,0.9284997089999933,0.8690935829999944,0.0007459580000102051,0.0006813749999992069
aws:us-east-1,azure:brazilsouth,4,10.0,1000.0,545.5755,2.211225392187014,545.5755,585.0252,585.0252,0.9423654579999834,0.9083508749999964,0.000802290999985189,0.0007247080000070127
aws:us-east-1,azure:brazilsouth,4,12.0,100.0,727.4916000000002,1.983464565720606,727.4916000000002,744.8652,744.8652,0.8788341249999974,0.896834833000014,0.0006860420000123213,0.000632540999987441
aws:us-east-1,azure:brazilsouth,4,12.0,200.0,727.4916000000002,6.8413253683669915,727.4916000000002,744.8652,744.8652,0.926716583000001,0.8903890420000096,0.0007142919999978403,0.0006492499999808388
aws:us-east-1,azure:brazilsouth,4,12.0,300.0,703.4706,2.0559021474881263,703.4706,744.8652,744.8652,0.8913356250000106,0.8805397920000075,0.00074050000000625,0.0006635000000017044
aws:us-east-1,azure:brazilsouth,4,12.0,500.0,699.858,2.5756227809930827,699.858,744.8652,744.8652,0.8846830419999776,0.9483392920000142,0.0007546669999953792,0.0006832919999908427
aws:us-east-1,azure:brazilsouth,4,12.0,1000.0,699.1155,2.2121184729300865,699.1154999999999,744.8652,744.8652,0.9779479589999767,0.9373015829999929,0.000792375000003176,0.000717500000007476
aws:us-east-1,azure:brazilsouth,4,15.0,100.0,967.5215999999998,1.9963955144086398,967.5215999999998,977.6393999999999,977.6393999999999,0.8991964590000237,0.9135220410000215,0.0006873330000018996,0.0006485830000144688
aws:us-east-1,azure:brazilsouth,4,15.0,200.0,967.5215999999998,6.885926531818761,967.5216000000001,977.6393999999999,977.6393999999999,0.9022114999999928,0.901959957999992,0.000780957999978682,0.0006710830000145052
aws:us-east-1,azure:brazilsouth,4,15.0,300.0,942.9605999999999,2.059084763247263,942.9605999999999,977.6393999999999,977.6393999999999,0.9752821670000174,0.9232347499999776,0.0008152089999953205,0.0007324160000052871
aws:us-east-1,azure:brazilsouth,4,15.0,500.0,939.4596,2.578607599867496,939.4596,977.6393999999999,977.6393999999999,0.9263938750000023,0.8869083339999975,0.0008042080000052465,0.0007292920000168124
aws:us-east-1,azure:brazilsouth,4,15.0,1000.0,938.1217500000001,2.2130122753684525,938.1217500000001,977.6393999999999,977.6393999999999,0.9415879169999926,0.9033662080000227,0.000774709000012308,0.0007051670000066679
azure:eastus,aws:eu-west-1,1,1.0,100.0,40.23,2.839612814465159,40.23,40.23,40.23,0.8630983330000106,0.8636449579999805,0.0007057499999802985,0.0006475829999885718
azure:eastus,aws:eu-west-1,1,1.0,200.0,40.23,7.124204009433715,40.23,40.23,40.23,0.8680708750000008,0.9153861249999977,0.0006874169999946389,0.0006285420000153863
azure:eastus,aws:eu-west-1,1,1.0,300.0,40.23,11.408795204402267,40.23,40.23,40.23,0.8789198329999977,0.8776887089999832,0.0007903750000082255,0.0006560409999849526
azure:eastus,aws:eu-west-1,1,1.0,500.0,40.23,19.977977594339375,40.23,40.23,40.23,0.868980166,0.8992243750000171,0.0007694169999865608,0.000634083000022656
azure:eastus,aws:eu-west-1,1,1.0,1000.0,40.23,32.0,40.23,40.23,40.23,0.8728425829999935,0.8776684169999953,0.0008017500000221389,0.0006563329999949019
azure:eastus,aws:eu-west-1,1,2.0,100.0,88.11,2.8463632716112386,88.11,88.10999999999999,88.10999999999999,0.8970523330000049,0.8885834170000066,0.0007042080000019268,0.0006516660000102092
azure:eastus,aws:eu-west-1,1,2.0,200.0,88.11,7.26993465898448,88.11,88.10999999999999,88.10999999999999,0.9495359590000021,1.5591895000000022,0.0008024580000096648,0.0009490829999947437
azure:eastus,aws:eu-west-1,1,2.0,300.0,88.11,11.693556593893273,88.11,88.10999999999999,115.54649999999998,0.9842839579999918,0.896586458999991,0.0007462499999917327,0.0006559589999994841
azure:eastus,aws:eu-west-1,1,2.0,500.0,88.11,20.540749916175308,88.11,88.10999999999999,115.54649999999998,0.9288347500000214,0.913650084000011,0.0008002499999975043,0.0006611250000219115
azure:eastus,aws:eu-west-1,1,2.0,1000.0,88.11,32.0,88.11,88.10999999999999,115.54649999999998,0.9303930840000021,0.8725346669999965,0.0007858750000195869,0.0006690419999983988
azure:eastus,aws:eu-west-1,1,3.0,100.0,141.44310000000007,2.4410385756454396,141.4431,141.4431,141.4431,0.9810966250000206,0.8865798750000238,0.0007257089999939126,0.0008990839999967193
azure:eastus,aws:eu-west-1,1,3.0,200.0,136.79999999999995,4.473074758935325,136.79999999999995,141.4431,141.4431,0.930502582999992,0.8998630000000105,0.0007270829999868056,0.0006710419999933492
azure:eastus,aws:eu-west-1,1,3.0,300.0,136.79999999999998,8.780113186488634,136.79999999999995,141.4431,141.4431,0.9057179159999862,0.8970962500000041,0.0007520830000089518,0.0006653340000184471
azure:eastus,aws:eu-west-1,1,3.0,500.0,136.79999999999995,17.394190041595266,136.79999999999995,141.4431,193.8465,0.9227700410000352,0.8724583750000079,0.0007407909999983531,0.0006298330000049646
azure:eastus,aws:eu-west-1,1,3.0,1000.0,136.8,32.0,136.8,141.4431,193.8465,1.050252500000056,1.00172870800003,0.0007855840000274839,0.0006620830000088063
azure:eastus,aws:eu-west-1,1,5.0,100.0,298.04310000000004,2.5801443640632975,298.0431,298.0431,298.0431,0.9601064999999949,1.0496356670000182,0.0007374999999569809,0.0006756249999853026
azure:eastus,aws:eu-west-1,1,5.0,200.0,233.64000000000004,3.6052717695386214,233.63999999999993,298.0431,298.0431,0.964606042000014,0.9607613750000041,0.0007194159999812655,0.000660584000002018
azure:eastus,aws:eu-west-1,1,5.0,300.0,233.64,7.439239727786603,233.63999999999993,298.0431,298.0431,0.9808727920000138,0.9142208330000017,0.0007307920000130252,0.0006640830000037568
azure:eastus,aws:eu-west-1,1,5.0,500.0,233.64,15.10717564428258,233.63999999999993,298.0431,315.07785,0.9293748329999971,0.8709763749999979,0.0007486249999715255,0.0006520000000023174
azure:eastus,aws:eu-west-1,1,5.0,1000.0,233.63999999999993,32.0,233.63999999999993,298.0431,368.67285000000004,0.9156472079999958,0.8851752499999748,0.0007735420000472004,0.0006390420000457198
azure:eastus,aws:eu-west-1,1,8.0,100.0,569.6428500000002,2.263598313418445,569.6428500000001,569.64285,569.64285,0.8860167910000314,0.8603273749999971,0.0007455829999685193,0.00067949999998973
azure:eastus,aws:eu-west-1,1,8.0,200.0,454.9095,3.690159488988261,454.9095,569.64285,569.64285,0.9116292499999759,0.8949214169999777,0.0007473750000031032,0.0006766670000502018
azure:eastus,aws:eu-west-1,1,8.0,300.0,454.9095,7.614399919666333,454.9095,569.64285,569.64285,0.9195098329999496,0.8742609579999794,0.0015500839999731397,0.0007062089999863019
azure:eastus,aws:eu-west-1,1,8.0,500.0,454.9095,15.462880781022474,454.9095,569.64285,569.6428500000001,1.0991871250000145,0.9079512499999964,0.000756792000004225,0.0006513750000181062
azure:eastus,aws:eu-west-1,1,8.0,1000.0,454.9095,32.0,454.9095,569.64285,581.16285,0.9034444999999778,0.907571374999975,0.0008157080000046335,0.0006741249999890897
azure:eastus,aws:eu-west-1,1,10.0,100.0,790.9888500000001,1.6671077560888445,790.9888500000001,790.98885,790.98885,0.8750911249999831,0.9392740419999654,0.0007429999999999382,0.000677249999966989
azure:eastus,aws:eu-west-1,1,10.0,200.0,635.79555,2.8767783116990704,635.7955499999999,790.98885,790.98885,0.8823607079999647,0.8974402500000451,0.0007596250000005966,0.0006895419999750629
azure:eastus,aws:eu-west-1,1,10.0,300.0,633.87405,2.0197508327311944,633.87405,790.98885,790.98885,0.8870872919999897,0.9091967500000351,0.0008052079999743,0.000728041000002122
azure:eastus,aws:eu-west-1,1,10.0,500.0,633.39705,1.4375602056714847,633.39705,790.98885,790.98885,0.8910942499999805,0.878253749999999,0.000842832999978782,0.0007489170000098966
azure:eastus,aws:eu-west-1,1,10.0,1000.0,633.3970499999999,3.8271217177583665,633.39705,790.98885,790.98885,0.9293470420000176,0.8887077080000267,0.0008537090000118042,0.0007250829999634334
azure:eastus,aws:eu-west-1,1,12.0,100.0,,,,,,0.8757655410000211,0.8774030829999901,0.0007879579999894304,0.0
azure:eastus,aws:eu-west-1,1,12.0,200.0,,,,,,0.8884312090000321,0.8829074999999875,0.000884750000011536,0.0
azure:eastus,aws:eu-west-1,1,12.0,300.0,,,,,,0.902732750000041,0.894903333000002,0.0011765419999960613,0.0
azure:eastus,aws:eu-west-1,1,12.0,500.0,,,,,,0.9049577079999835,0.9902197089999731,0.0015278750000220498,0.0
azure:eastus,aws:eu-west-1,1,12.0,1000.0,,,,,,0.9387352920000467,0.91873958299999,0.0018246249999833708,0.0
azure:eastus,aws:eu-west-1,1,15.0,100.0,,,,,,0.878320207999991,0.887968624999985,0.0007459170000174709,0.0
azure:eastus,aws:eu-west-1,1,15.0,200.0,,,,,,0.9056872500000281,0.9521195419999913,0.0009429579999959969,0.0
azure:eastus,aws:eu-west-1,1,15.0,300.0,,,,,,0.9293531250000342,0.893244333000041,0.0011588340000230346,0.0
azure:eastus,aws:eu-west-1,1,15.0,500.0,,,,,,0.9169941249999738,0.9033788749999871,0.0014154159999861804,0.0
azure:eastus,aws:eu-west-1,1,15.0,1000.0,,,,,,0.9139008340000032,0.967772583999988,0.0018414170000369268,0.0
azure:eastus,aws:eu-west-1,2,1.0,100.0,40.23,2.839612814465159,40.23,40.23,40.23,0.8676792919999912,0.8985441659999651,0.0007013750000055552,0.0006477499999846259
azure:eastus,aws:eu-west-1,2,1.0,200.0,40.23,7.124204009433715,40.23,40.23,40.23,0.8803205419999927,0.8808218329999704,0.0007127080000373098,0.000650750000033895
azure:eastus,aws:eu-west-1,2,1.0,300.0,40.23,11.408795204402267,40.23,40.23,40.23,0.9112158340000178,0.9112118330000385,0.0007327499999973952,0.0006490000000098917
azure:eastus,aws:eu-west-1,2,1.0,500.0,40.23,19.977977594339375,40.23,40.23,40.23,0.901031875000001,0.8779487919999838,0.0007705830000190872,0.0006540410000184238
azure:eastus,aws:eu-west-1,2,1.0,1000.0,40.23,32.0,40.23,40.23,40.23,0.9074075830000083,0.8806285409999646,0.0007752910000249358,0.0006339999999909196
azure:eastus,aws:eu-west-1,2,2.0,100.0,79.92,3.4269331119541597,79.92,79.92,79.92,0.914254249999999,0.8908549999999877,0.0007162090000178978,0.0006490829999847847
azure:eastus,aws:eu-west-1,2,2.0,200.0,79.92,8.597711100568958,79.92,79.92,79.92,0.8788182079999842,0.8816698329999895,0.0007201659999509502,0.0006518749999600004
azure:eastus,aws:eu-west-1,2,2.0,300.0,79.92,13.76848908918376,79.92,79.92,79.92,1.5139242920000129,1.3978025419999653,0.0007439999999974134,0.0006326249999801803
azure:eastus,aws:eu-west-1,2,2.0,500.0,79.92,24.110045066413363,79.92,79.92,79.92,0.9610815830000092,0.9377259999999978,0.0007750420000434133,0.000650375000020631
azure:eastus,aws:eu-west-1,2,2.0,1000.0,79.92,32.0,79.92,79.92,79.92,0.9520200000000045,0.9909708750000163,0.0007894579999856433,0.000656582999965849
azure:eastus,aws:eu-west-1,2,3.0,100.0,126.99000000000001,3.024767985779512,126.99000000000001,126.98999999999998,126.98999999999998,0.934022415999948,0.8705290000000332,0.000696084000026076,0.0006540839999615855
azure:eastus,aws:eu-west-1,2,3.0,200.0,126.98999999999998,7.725627393316159,126.98999999999998,126.98999999999998,126.98999999999998,0.9052133750000166,0.9076441249999903,0.0008238330000267524,0.0006606659999874864
azure:eastus,aws:eu-west-1,2,3.0,300.0,126.98999999999998,12.426486800852812,126.98999999999998,126.98999999999998,151.713,0.9166812500000106,0.9059908749999863,0.0007719579999729831,0.0006670000000212895
azure:eastus,aws:eu-west-1,2,3.0,500.0,126.98999999999997,21.82820561592611,126.99000000000001,126.98999999999998,151.713,0.8924682500000358,0.8978288750000161,0.0007615000000100736,0.0006562500000200089
azure:eastus,aws:eu-west-1,2,3.0,1000.0,126.98999999999998,32.0,126.99000000000001,126.98999999999998,151.713,0.8898530840000376,0.8724245829999973,0.0008106660000066768,0.0006635409999944386
azure:eastus,aws:eu-west-1,2,5.0,100.0,223.82999999999998,3.1844439685791777,223.82999999999998,223.82999999999998,223.82999999999998,0.8537772079999968,0.90015304100001,0.0006899589999989075,0.0006224169999882179
azure:eastus,aws:eu-west-1,2,5.0,200.0,223.82999999999996,8.13345938326427,223.82999999999996,223.82999999999998,223.82999999999998,0.889082583000004,0.9212959999999839,0.0007303749999891807,0.0006528750000143191
azure:eastus,aws:eu-west-1,2,5.0,300.0,223.82999999999996,13.082474797949358,223.82999999999996,223.82999999999998,308.31300000000005,0.913214833999973,0.8874568329999875,0.0007603749999702814,0.0006622500000048603
azure:eastus,aws:eu-west-1,2,5.0,500.0,223.82999999999996,22.980505627319538,223.82999999999998,223.82999999999998,308.31300000000005,0.9153460829999744,0.8661770420000039,0.0007523749999904794,0.0006552499999656902
azure:eastus,aws:eu-west-1,2,5.0,1000.0,223.82999999999996,32.0,223.82999999999998,223.82999999999998,308.31300000000005,0.9110075830000142,0.8716440000000034,0.0007837089999611635,0.0006629160000102274
azure:eastus,aws:eu-west-1,2,8.0,100.0,438.40620000000024,2.6655892988131527,438.40619999999996,438.4062,438.4062,0.8904142920000027,0.8766231249999805,0.0007244169999580663,0.0006625839999969685
azure:eastus,aws:eu-west-1,2,8.0,200.0,369.35999999999996,4.819001862326868,369.3599999999999,438.4062,438.4062,0.9032240829999978,0.9054023329999836,0.0007295419999877595,0.0006745000000023538
azure:eastus,aws:eu-west-1,2,8.0,300.0,369.35999999999996,9.459126904286387,369.3599999999999,438.4062,438.4062,0.9162585830000012,0.887398375000032,0.0007543340000211174,0.0006713749999676111
azure:eastus,aws:eu-west-1,2,8.0,500.0,369.35999999999996,18.739376988205418,369.3599999999999,438.4062,549.9657000000001,0.9221111660000361,0.8759446249999883,0.0007609170000364429,0.000662916999999652
azure:eastus,aws:eu-west-1,2,8.0,1000.0,369.3599999999999,32.0,369.3599999999999,438.4062,549.9657000000001,0.9036927079999941,0.9052689170000008,0.0007936250000284417,0.0006394160000127158
azure:eastus,aws:eu-west-1,2,10.0,100.0,595.5461999999999,2.6953425915711087,595.5461999999999,595.5461999999999,595.5461999999999,2.32451637500003,1.0184233340000333,0.0008612919999677615,0.0009707909999860931
azure:eastus,aws:eu-west-1,2,10.0,200.0,466.7399999999999,3.7193507421043357,466.7399999999999,595.5461999999999,595.5461999999999,0.9452013750000106,0.9755127079999966,0.0007246250000321197,0.0006494579999980488
azure:eastus,aws:eu-west-1,2,10.0,300.0,466.7399999999999,7.6746341388227926,466.7399999999999,595.5461999999999,595.5461999999999,0.9874654170000099,0.9286168749999888,0.0007376249999992979,0.0006617920000167032
azure:eastus,aws:eu-west-1,2,10.0,500.0,466.7399999999999,15.585200932259697,466.7399999999999,595.5461999999999,629.6157,1.1061307920000445,0.9960884170000099,0.00076312499999176,0.0006654580000144961
azure:eastus,aws:eu-west-1,2,10.0,1000.0,466.7399999999999,32.0,466.7399999999999,595.5461999999999,736.2657,0.9553600830000164,0.9286152909999714,0.0008800000000519503,0.000670834000004561
azure:eastus,aws:eu-west-1,2,12.0,100.0,766.1457000000001,2.3055212275219077,766.1457000000001,766.1457,766.1457,0.9095625829999676,0.9153363329999706,0.0007535409999945841,0.0008480839999833734
azure:eastus,aws:eu-west-1,2,12.0,200.0,596.0789999999998,3.739069514866106,596.079,766.1457,766.1457,1.0093081660000394,0.8907313750000299,0.0007302500000037071,0.0010900839999976597
azure:eastus,aws:eu-west-1,2,12.0,300.0,596.079,7.715322521582717,596.079,766.1457,766.1457,0.8948026670000218,0.8703540409999846,0.0007989580000185015,0.0006774170000198865
azure:eastus,aws:eu-west-1,2,12.0,500.0,596.079,15.667828535015943,596.079,766.1457,766.1456999999999,0.9840082920000555,0.9355509590000111,0.0007820829999900525,0.0006711670000072445
azure:eastus,aws:eu-west-1,2,12.0,1000.0,596.079,32.0,596.079,766.1457,923.6457,0.9353599589999817,0.9280015420000041,0.0008409999999798856,0.0006662499999947613
azure:eastus,aws:eu-west-1,2,15.0,100.0,1046.1357000000003,2.3227284403588513,1046.1357,1046.1357,1046.1357,0.9819222499999682,0.9063552080000363,0.0006917500000440668,0.0006498330000113128
azure:eastus,aws:eu-west-1,2,15.0,200.0,831.519,3.7589984869138853,831.519,1046.1357,1046.1357,0.9027561670000068,0.9020427919999747,0.000723624999977801,0.0006696670000110316
azure:eastus,aws:eu-west-1,2,15.0,300.0,831.519,7.756444636659985,831.519,1046.1357,1046.1357,1.0152029170000105,0.9703514999999925,0.0007406670000023041,0.0006735829999797716
azure:eastus,aws:eu-west-1,2,15.0,500.0,831.519,15.751336936152185,831.519,1046.1357,1046.1356999999998,1.0960240420000105,0.9681207910000467,0.0008050000000139335,0.0007734999999797765
azure:eastus,aws:eu-west-1,2,15.0,1000.0,831.519,32.0,831.519,1046.1357,1114.1757,0.9601257919999853,0.9327874159999965,0.0008814170000164268,0.0008410840000010467
azure:eastus,aws:eu-west-1,4,1.0,100.0,40.23,2.839612814465159,40.23,40.23,40.23,0.9995510829999716,0.9939465420000033,0.0007030840000084027,0.0006454580000081478
azure:eastus,aws:eu-west-1,4,1.0,200.0,40.23,7.124204009433715,40.23,40.23,40.23,0.9176446250000367,0.9323082920000161,0.0007134999999607317,0.0006464159999950425
azure:eastus,aws:eu-west-1,4,1.0,300.0,40.23,11.408795204402267,40.23,40.23,40.23,0.9366276250000283,0.9173171659999753,0.000790332999997645,0.0006455000000187283
azure:eastus,aws:eu-west-1,4,1.0,500.0,40.23,19.977977594339375,40.23,40.23,40.23,0.9336539579999794,0.9286828339999715,0.0013831250000180262,0.0008731249999982538
azure:eastus,aws:eu-west-1,4,1.0,1000.0,40.23,32.0,40.23,40.23,40.23,0.9430115419999652,0.944777375000001,0.000765292000039608,0.0006372500000111359
azure:eastus,aws:eu-west-1,4,2.0,100.0,79.92,3.4269331119541597,79.92,79.92,79.92,0.916813124999976,0.9763679160000152,0.0006837910000285774,0.0006480420000229969
azure:eastus,aws:eu-west-1,4,2.0,200.0,79.92,8.597711100568958,79.92,79.92,79.92,0.9319832089999522,0.9387778329999605,0.0006983339999919735,0.0006511249999903157
azure:eastus,aws:eu-west-1,4,2.0,300.0,79.92,13.76848908918376,79.92,79.92,79.92,0.9114907500000413,0.9051320840000017,0.0008551660000080119,0.0006551249999802167
azure:eastus,aws:eu-west-1,4,2.0,500.0,79.92,24.110045066413363,79.92,79.92,79.92,0.9333926249999536,0.9846157089999679,0.0007442500000252039,0.0006520410000234733
azure:eastus,aws:eu-west-1,4,2.0,1000.0,79.92,32.0,79.92,79.92,79.92,0.9457518750000418,0.9100575829999684,0.0007669999999961874,0.000640125000018088
azure:eastus,aws:eu-west-1,4,3.0,100.0,119.61,3.680693783967069,119.61,119.61,119.61,0.9032866250000211,0.9470265410000138,0.0006929580000019087,0.0006293750000168075
azure:eastus,aws:eu-west-1,4,3.0,200.0,119.61,9.234362262227936,119.61,119.61,119.61,0.9145793749999598,0.9244118330000219,0.0006927080000309616,0.0006277919999888582
azure:eastus,aws:eu-west-1,4,3.0,300.0,119.61,14.788030740488807,119.61,119.61,119.61,0.9372690829999897,0.9465870409999866,0.0007355829999937669,0.0006539999999972679
azure:eastus,aws:eu-west-1,4,3.0,500.0,119.61,25.895367697010546,119.61,119.61,119.61,0.9270387500000083,0.9085408330000178,0.0007687919999739279,0.0006488330000138376
azure:eastus,aws:eu-west-1,4,3.0,1000.0,119.61,32.0,119.61,119.61,119.61,0.9204749579999998,0.9375559169999974,0.000782125000000633,0.0006519159999811563
azure:eastus,aws:eu-west-1,4,5.0,100.0,204.75,3.1844439685791777,204.74999999999997,204.74999999999997,204.74999999999997,0.9327846250000107,0.9065289160000134,0.0006986669999946571,0.0006507909999982076
azure:eastus,aws:eu-west-1,4,5.0,200.0,204.74999999999997,8.133459383264267,204.74999999999997,204.74999999999997,204.74999999999997,0.94464499999998,0.9050775000000044,0.0006913749999739593,0.0006366670000375052
azure:eastus,aws:eu-west-1,4,5.0,300.0,204.74999999999997,13.08247479794936,204.74999999999997,204.74999999999997,224.04599999999996,0.9811164999999846,0.9160438339999928,0.0007295419999877595,0.0006356669999831865
azure:eastus,aws:eu-west-1,4,5.0,500.0,204.74999999999997,22.980505627319538,204.74999999999997,204.74999999999997,224.04599999999996,0.9287965419999864,0.8950031659999809,0.0007654999999999745,0.0006552499999656902
azure:eastus,aws:eu-west-1,4,5.0,1000.0,204.74999999999997,32.0,204.74999999999997,204.74999999999997,224.04599999999996,0.9376750419999667,0.9082593750000001,0.0009118749999856846,0.0006619999999770698
azure:eastus,aws:eu-west-1,4,8.0,100.0,350.28,3.2818969192354004,350.28,350.2799999999999,350.2799999999999,0.9090172919999873,0.9254284169999778,0.0007062079999968773,0.0006520829999772104
azure:eastus,aws:eu-west-1,4,8.0,200.0,350.28,8.382366138654689,350.28,350.2799999999999,350.2799999999999,0.9773294579999856,0.9244362499999852,0.0007431249999854117,0.0006450829999948837
azure:eastus,aws:eu-west-1,4,8.0,300.0,350.27999999999935,13.482835358073972,350.28,350.2799999999999,458.9459999999999,0.9360640830000193,0.9159115000000497,0.0007366670000124032,0.0006942089999597556
azure:eastus,aws:eu-west-1,4,8.0,500.0,350.2800000000001,23.68377379691255,350.28,350.2799999999999,458.9459999999999,0.9259136659999854,0.9218285420000143,0.000759207999976752,0.0006429169999933038
azure:eastus,aws:eu-west-1,4,8.0,1000.0,350.28,32.0,350.28,350.2799999999999,458.9459999999999,0.9508517080000161,0.9219798750000336,0.0007704589999661948,0.0006384590000152457
azure:eastus,aws:eu-west-1,4,10.0,100.0,447.11999999999995,3.3157203786989093,447.11999999999995,447.12,447.12,0.9126819169999862,0.9403022090000377,0.0006891250000080618,0.0006533330000024762
azure:eastus,aws:eu-west-1,4,10.0,200.0,447.12,8.468755391052394,447.11999999999995,447.12,447.12,0.9458035839999752,0.9003030419999618,0.0007253329999912239,0.0006521669999983715
azure:eastus,aws:eu-west-1,4,10.0,300.0,447.11999999999995,13.621790403405877,447.11999999999995,447.12,616.086,0.9138863750000041,0.9326361249999877,0.0007406249999917236,0.0006543329999999514
azure:eastus,aws:eu-west-1,4,10.0,500.0,447.11999999999995,23.927860428112854,447.11999999999995,447.12,616.086,0.9328512919999525,0.9241881250000006,0.0008054169999809346,0.0006534999999985303
azure:eastus,aws:eu-west-1,4,10.0,1000.0,447.11999999999995,32.0,447.11999999999995,447.12,616.086,0.9238574579999863,0.9052842499999656,0.0007787499999949432,0.0007064580000246679
azure:eastus,aws:eu-west-1,4,12.0,100.0,563.0724,2.715549893326347,563.0724,563.0724,563.0724,1.3140496249999956,0.9564307500000382,0.0007111250000093605,0.0006573750000029577
azure:eastus,aws:eu-west-1,4,12.0,200.0,544.4999999999999,4.894708730843803,544.4999999999999,563.0724,563.0724,1.0355690419999632,0.9163822090000053,0.0007335829999988164,0.0006628339999679156
azure:eastus,aws:eu-west-1,4,12.0,300.0,544.5,9.607730473508125,544.4999999999999,563.0724,563.0724,1.036354958000004,0.9787559170000009,0.0007445000000529944,0.0006641670000249178
azure:eastus,aws:eu-west-1,4,12.0,500.0,544.5000000000001,19.03377395883673,544.5,563.0724,773.766,0.9705912919999946,0.9123744999999985,0.000776000000030308,0.0007447919999776786
azure:eastus,aws:eu-west-1,4,12.0,1000.0,544.4999999999999,32.0,544.4999999999999,563.0724,773.766,0.9495016669999927,0.9201261669999781,0.000819832999980008,0.0006634159999521216
azure:eastus,aws:eu-west-1,4,15.0,100.0,797.9724000000004,2.736062476871094,797.9724000000001,797.9724000000001,797.9724000000001,0.9217775419999725,0.9046361249999677,0.0007115419999763617,0.0006609999999795946
azure:eastus,aws:eu-west-1,4,15.0,200.0,690.03,4.925661731963498,690.0299999999999,797.9724000000001,797.9724000000001,0.9033913750000124,0.9261153749999949,0.0007409170000300946,0.0007136669999567857
azure:eastus,aws:eu-west-1,4,15.0,300.0,690.03,9.668487529434664,690.0299999999997,797.9724000000001,797.9724000000001,0.9376900000000319,0.9137431660000175,0.0007493329999874732,0.000663333000034072
azure:eastus,aws:eu-west-1,4,15.0,500.0,690.0299999999999,19.154139124377014,690.0299999999999,797.9724000000001,1008.666,0.9254670830000009,0.9348441669999943,0.0008052919999954611,0.0006580830000189053
azure:eastus,aws:eu-west-1,4,15.0,1000.0,690.0299999999999,32.0,690.0299999999999,797.9724000000001,1008.666,0.9444710419999751,0.9171476669999947,0.0008799160000307893,0.0006628750000459149
aws:ap-northeast-1,azure:westeurope,1,1.0,100.0,,,,,,0.9193667499999947,0.9260277499999461,0.0006599999999821193,0.0
aws:ap-northeast-1,azure:westeurope,1,1.0,200.0,83.16,1.2744653571515414,83.16000000000001,122.31,111.221235,0.9245358329999931,0.902090458000032,0.0008145830000216847,0.0007510000000365835
aws:ap-northeast-1,azure:westeurope,1,1.0,300.0,81.054,1.5977854671280483,81.054,122.31,111.221235,0.919559750000019,0.9212362080000389,0.0007411249999904612,0.0006877910000184784
aws:ap-northeast-1,azure:westeurope,1,1.0,500.0,81.054,3.2846366782007124,81.054,122.31,97.84934999999999,0.9469831249999743,0.9143532090000122,0.0007669160000318698,0.0006847909999692092
aws:ap-northeast-1,azure:westeurope,1,1.0,1000.0,81.054,7.501764705882373,81.054,122.31,97.84934999999999,0.9456250829999817,0.9349367909999842,0.0007867500000315886,0.0006685409999818148
aws:ap-northeast-1,azure:westeurope,1,2.0,100.0,,,,,,1.0789922499999989,0.9077026250000131,0.0006560419999459555,0.0
aws:ap-northeast-1,azure:westeurope,1,2.0,200.0,173.58300000000003,1.2514792702677173,173.58300000000003,232.07714999999996,231.37123499999996,0.9170616669999845,0.9014614580000284,0.0007159169999795267,0.0006789590000266799
aws:ap-northeast-1,azure:westeurope,1,2.0,300.0,170.775,1.6535720680394128,170.775,232.07714999999996,231.37123499999996,0.9331758339999965,0.8980826659999934,0.0007163340000033713,0.0006554589999723248
aws:ap-northeast-1,azure:westeurope,1,2.0,500.0,170.361,1.6922152177503627,170.361,232.07714999999996,231.37123499999996,0.9057848750000517,0.8867039169999771,0.003773457999955099,0.0015019999999594802
aws:ap-northeast-1,azure:westeurope,1,2.0,1000.0,170.361,3.9082588228816704,170.361,232.07714999999996,208.98823499999997,0.8966052499999932,0.9118759170000317,0.0009528339999747004,0.0007245830000215392
aws:ap-northeast-1,azure:westeurope,1,3.0,100.0,,,,,,0.8950439579999738,0.8975165420000053,0.0006692079999766065,0.0
aws:ap-northeast-1,azure:westeurope,1,3.0,200.0,267.63345,1.2766815657584196,267.6334499999999,331.39664999999997,331.39664999999997,0.8940322500000093,0.9098117920000277,0.0008999160000371376,0.0006994999999960783
aws:ap-northeast-1,azure:westeurope,1,3.0,300.0,264.3246,1.5819368197719328,264.3245999999999,331.39664999999997,326.78235000000006,0.9411324999999806,0.9238663749999887,0.0007429999999999382,0.0006988750000118671
aws:ap-northeast-1,azure:westeurope,1,3.0,500.0,263.91060000000004,1.702274724463221,263.9106000000004,331.39664999999997,326.78235000000006,0.9224874589999672,0.9268717500000321,0.0008698330000243004,0.0006968750000169166
aws:ap-northeast-1,azure:westeurope,1,3.0,1000.0,263.9106,3.931491775435216,263.9106,331.39664999999997,332.186535,0.950203375000001,0.9059256660000301,0.000886792000017067,0.0007353749999765569
aws:ap-northeast-1,azure:westeurope,1,5.0,100.0,,,,,,0.9099979580000195,0.8868798750000337,0.0006475420000242593,0.0
aws:ap-northeast-1,azure:westeurope,1,5.0,200.0,464.72130000000004,1.297588424525195,464.72130000000004,552.625605,552.625605,0.9398734590000117,0.9719370830000003,0.0008064170000352533,0.0007221660000027441
aws:ap-northeast-1,azure:westeurope,1,5.0,300.0,459.5913,1.5967158835572093,459.5913,552.625605,558.9868049999999,0.9242731250000134,0.8824904170000423,0.0007754579999641464,0.0007219169999643782
aws:ap-northeast-1,azure:westeurope,1,5.0,500.0,459.17730000000006,1.7104088526305148,459.1772999999999,552.625605,558.9868049999999,0.9262197919999835,1.538912584000002,0.0007902499999659085,0.0007237080000095375
aws:ap-northeast-1,azure:westeurope,1,5.0,1000.0,459.17730000000006,3.950277966365782,459.1772999999999,552.625605,540.893835,0.9709298330000138,0.8921534170000314,0.0008627500000102373,0.0007350829999950292
aws:ap-northeast-1,azure:westeurope,1,8.0,100.0,,,,,,0.895899208000003,0.8739634170000272,0.0006554170000185877,0.0
aws:ap-northeast-1,azure:westeurope,1,8.0,200.0,,,,,,0.8663357080000083,0.8685080829999947,0.0009266249999768661,0.0
aws:ap-northeast-1,azure:westeurope,1,8.0,300.0,,,,,,0.9389441669999883,0.9046913750000272,0.0010979999999563006,0.0
aws:ap-northeast-1,azure:westeurope,1,8.0,500.0,,,,,,0.8698135419999744,0.8603722500000117,0.00149508300000889,0.0
aws:ap-northeast-1,azure:westeurope,1,8.0,1000.0,,,,,,0.8608535000000188,0.8984701249999603,0.0017729580000036549,0.0
aws:ap-northeast-1,azure:westeurope,1,10.0,100.0,,,,,,0.8694206249999752,0.8809945419999963,0.0006567919999724836,0.0
aws:ap-northeast-1,azure:westeurope,1,10.0,200.0,,,,,,0.8652604170000018,0.8911134580000066,0.0009460420000095837,0.0
aws:ap-northeast-1,azure:westeurope,1,10.0,300.0,,,,,,0.8718209169999795,0.8619789999999625,0.0010903749999897627,0.0
aws:ap-northeast-1,azure:westeurope,1,10.0,500.0,,,,,,0.8744154579999872,0.8619686249999745,0.001510541000016019,0.0
aws:ap-northeast-1,azure:westeurope,1,10.0,1000.0,,,,,,0.8881707079999615,0.8704190420000941,0.001811125000017455,0.0
aws:ap-northeast-1,azure:westeurope,1,12.0,100.0,,,,,,0.8651839999999993,0.8626730420000968,0.000657000000046537,0.0
aws:ap-northeast-1,azure:westeurope,1,12.0,200.0,,,,,,0.8962612919999629,0.8679032500000403,0.0009256250000362343,0.0
aws:ap-northeast-1,azure:westeurope,1,12.0,300.0,,,,,,0.8724582500000224,0.8583726669999123,0.0011104580000846909,0.0
aws:ap-northeast-1,azure:westeurope,1,12.0,500.0,,,,,,0.9037178329999733,0.904324875000043,0.00140075000001616,0.0
aws:ap-northeast-1,azure:westeurope,1,12.0,1000.0,,,,,,0.8701009579999663,0.8678710830000682,0.0018366250000099171,0.0
aws:ap-northeast-1,azure:westeurope,1,15.0,100.0,,,,,,0.8769824169999083,0.9023610829999598,0.0006402920000709855,0.0
aws:ap-northeast-1,azure:westeurope,1,15.0,200.0,,,,,,0.8698755000000347,0.8614772500000072,0.0009598750000350265,0.0
aws:ap-northeast-1,azure:westeurope,1,15.0,300.0,,,,,,0.8767456250000123,0.8900067920000083,0.0011056670000471058,0.0
aws:ap-northeast-1,azure:westeurope,1,15.0,500.0,,,,,,0.8902050409999447,0.8757872910000515,0.0014384160000417978,0.0
aws:ap-northeast-1,azure:westeurope,1,15.0,1000.0,,,,,,0.8795557919999055,0.9017995419999352,0.0017932499999915308,0.0
aws:ap-northeast-1,azure:westeurope,2,1.0,100.0,,,,,,0.862519916999986,0.8674326249999922,0.0006503340000563185,0.0
aws:ap-northeast-1,azure:westeurope,2,1.0,200.0,83.16,2.1696663307885835,83.16,122.31,110.16,0.8811123330000328,0.8639551659999825,0.0006898750000345899,0.0006331250000357613
aws:ap-northeast-1,azure:westeurope,2,1.0,300.0,78.94800000000001,1.5977854671280483,78.94800000000001,122.31,110.16,0.8961758750000399,0.8800489159999643,0.0007303749999891807,0.0006779999999935171
aws:ap-northeast-1,azure:westeurope,2,1.0,500.0,78.94800000000001,3.2846366782007124,78.94800000000001,122.31,95.31,0.8858298339999919,0.8602819999999838,0.000790374999951382,0.0006962499999190186
aws:ap-northeast-1,azure:westeurope,2,1.0,1000.0,78.94800000000001,7.501764705882373,78.94800000000001,122.31,95.31,0.9037222079999765,0.9346073340000203,0.003646499999945263,0.0009416660000169941
aws:ap-northeast-1,azure:westeurope,2,2.0,100.0,,,,,,1.390054708999969,1.1169779169999856,0.000731540999936442,0.0
aws:ap-northeast-1,azure:westeurope,2,2.0,200.0,165.24,1.3534980044279799,165.24,243.0,220.82246999999998,0.9165659590000814,0.8796778749999703,0.0007290839999996024,0.0006737090000115131
aws:ap-northeast-1,azure:westeurope,2,2.0,300.0,161.02800000000002,1.6535720680394128,161.02800000000002,243.0,220.82246999999998,0.8866931249999652,0.8704694580000023,0.0007350829999950292,0.0006865000000289001
aws:ap-northeast-1,azure:westeurope,2,2.0,500.0,161.02800000000002,3.3993196060877544,161.02800000000002,243.0,194.07869999999997,0.8835518749999665,0.8890264159999788,0.0007811250000031578,0.0006900839999843811
aws:ap-northeast-1,azure:westeurope,2,2.0,1000.0,161.02800000000002,7.7636884512086155,161.02800000000002,243.0,194.07869999999997,0.938422791999983,0.879715416999943,0.0007911670001021776,0.0006888330000265341
aws:ap-northeast-1,azure:westeurope,2,3.0,100.0,,,,,,0.858398209000029,0.8972190420000743,0.0006514159999824187,0.0
aws:ap-northeast-1,azure:westeurope,2,3.0,200.0,255.222,1.3820664200050001,255.222,353.99429999999995,340.97247,0.9262335829999984,0.8681942499999877,0.0007162499999822103,0.0006710830000429269
aws:ap-northeast-1,azure:westeurope,2,3.0,300.0,249.39,1.6730434782608903,249.39,353.99429999999995,340.97247,0.8861943750000592,0.925507125000081,0.0007652909999933399,0.0006685419999712394
aws:ap-northeast-1,azure:westeurope,2,3.0,500.0,249.10200000000003,1.7022747244632228,249.10200000000003,353.99429999999995,340.97247,0.8881251660000089,0.8703236660001039,0.0007722499999545107,0.0007055840000020908
aws:ap-northeast-1,azure:westeurope,2,3.0,1000.0,249.10199999999998,3.931491775435216,249.10200000000003,353.99429999999995,302.6187,0.8919964579999942,0.8855077499999879,0.00076095899999018,0.0006761659999483527
aws:ap-northeast-1,azure:westeurope,2,5.0,100.0,,,,,,0.893794416999981,0.9754388329999983,0.000658541999996487,0.0
aws:ap-northeast-1,azure:westeurope,2,5.0,200.0,439.9569000000001,1.2975884245251916,439.95689999999996,559.683,559.683,0.9056061669999735,0.9093932920000043,0.0007447079999565176,0.0006837500000074215
aws:ap-northeast-1,azure:westeurope,2,5.0,300.0,433.8495,1.6889539136796117,433.8495000000001,559.683,557.40987,0.9054020840000021,0.87690412500001,0.0007550410000476404,0.00068999999996322
aws:ap-northeast-1,azure:westeurope,2,5.0,500.0,433.0215000000001,1.7104088526305148,433.02150000000006,559.683,557.40987,0.886057916000027,0.8711560000000418,0.0007789579999553098,0.0007132499999897846
aws:ap-northeast-1,azure:westeurope,2,5.0,1000.0,433.02150000000006,3.950277966365782,433.02150000000006,559.683,536.5064699999999,0.9410496250000051,0.8776685420000376,0.0007937499999570719,0.0007102910000185148
aws:ap-northeast-1,azure:westeurope,2,8.0,100.0,,,,,,0.8646989999999732,0.8687155410000287,0.0006575830000201677,0.0
aws:ap-northeast-1,azure:westeurope,2,8.0,200.0,721.8666,1.3096522408136477,721.8666000000001,864.5300100000001,852.012,0.8794228340000245,0.8857733329999746,0.0007597920000534941,0.00070016699999087
aws:ap-northeast-1,azure:westeurope,2,8.0,300.0,715.5486000000001,1.698037232820063,715.5486,864.5300100000001,852.012,0.8933095410000078,0.8752441249999947,0.0008395410000048287,0.0007080420000420418
aws:ap-northeast-1,azure:westeurope,2,8.0,500.0,714.7206,1.7150185531344917,714.7206000000001,864.5300100000001,852.012,0.871776250000039,0.9182613340000216,0.0007972079999944981,0.0007256669999833321
aws:ap-northeast-1,azure:westeurope,2,8.0,1000.0,714.7206,3.960924308791107,714.7206000000001,864.5300100000001,908.4908699999999,0.9028849590000618,0.8760347500000307,0.0008207910000237462,0.0007299579999653361
aws:ap-northeast-1,azure:westeurope,2,10.0,100.0,,,,,,0.8492632090000143,0.8842877499999986,0.00063545900002282,0.0
aws:ap-northeast-1,azure:westeurope,2,10.0,200.0,928.3625999999999,1.3137235161252967,928.3626000000002,1103.0912099999998,1103.0912099999998,0.9663610419999031,0.9727517909999506,0.0007521669999732694,0.000696332999950755
aws:ap-northeast-1,azure:westeurope,2,10.0,300.0,917.5626,1.607982679243264,917.5626000000002,1103.0912099999998,1115.8136099999997,0.8788475420000168,0.87457387500001,0.0007606670000086524,0.0006998339999881864
aws:ap-northeast-1,azure:westeurope,2,10.0,500.0,916.7346000000001,1.7165606465088636,916.7345999999998,1103.0912099999998,1115.8136099999997,0.9017366670000229,0.8799115419999453,0.0007729999999810389,0.0007059580000259302
aws:ap-northeast-1,azure:westeurope,2,10.0,1000.0,916.7345999999998,3.9644858534296823,916.7345999999998,1103.0912099999998,1080.16767,0.9588981250000188,0.8772494580000512,0.0008634580000261849,0.0007449580000411515
aws:ap-northeast-1,azure:westeurope,2,12.0,100.0,,,,,,0.8889512079999804,0.8658703749999859,0.0006644580000738642,0.0
aws:ap-northeast-1,azure:westeurope,2,12.0,200.0,,,,,,0.8662430420000646,0.8689066249999087,0.0009487500000204818,0.0
aws:ap-northeast-1,azure:westeurope,2,12.0,300.0,,,,,,0.8961268329999257,0.8851352080000652,0.0011180420000300728,0.0
aws:ap-northeast-1,azure:westeurope,2,12.0,500.0,,,,,,0.8780648750000637,0.8706519169999183,0.001566667000020061,0.0
aws:ap-northeast-1,azure:westeurope,2,12.0,1000.0,,,,,,0.877473499999951,0.8908324579999771,0.0017225829999460984,0.0
aws:ap-northeast-1,azure:westeurope,2,15.0,100.0,,,,,,0.8671679999999924,0.865950458000043,0.0006647080000448113,0.0
aws:ap-northeast-1,azure:westeurope,2,15.0,200.0,,,,,,0.8779792089999319,0.895582124999919,0.0010012909999659314,0.0
aws:ap-northeast-1,azure:westeurope,2,15.0,300.0,,,,,,0.8726391249999779,0.8781492499999786,0.0011257500000283471,0.0
aws:ap-northeast-1,azure:westeurope,2,15.0,500.0,,,,,,0.8721780419999732,0.9142633750000186,0.0014045829999531634,0.0
aws:ap-northeast-1,azure:westeurope,2,15.0,1000.0,,,,,,0.8948451250000744,0.8767564170000242,0.0031935839999732707,0.0
aws:ap-northeast-1,azure:westeurope,4,1.0,100.0,,,,,,0.8575988339999867,0.8571578329999738,0.0006434169999920414,0.0
aws:ap-northeast-1,azure:westeurope,4,1.0,200.0,83.16,2.1696663307885835,83.16,122.31,110.16,0.90389725,0.8866639169999644,0.0007622500000934451,0.0006391670000311933
aws:ap-northeast-1,azure:westeurope,4,1.0,300.0,75.81599999999995,1.5977854671280483,75.816,122.31,110.16,0.8834593750000295,0.8732825830001048,0.0007256670000970189,0.0007856659999561089
aws:ap-northeast-1,azure:westeurope,4,1.0,500.0,75.816,3.2846366782007124,75.816,122.31,95.31,0.9096404169999914,0.869796666999946,0.0007562909999023759,0.0006827079999993657
aws:ap-northeast-1,azure:westeurope,4,1.0,1000.0,75.816,7.501764705882373,75.816,122.31,95.31,0.8886190419999593,0.8789159579999932,0.0008094999999457286,0.0006802090000519456
aws:ap-northeast-1,azure:westeurope,4,2.0,100.0,,,,,,0.8888503330000503,0.8679182500000024,0.0006522080000195274,0.0
aws:ap-northeast-1,azure:westeurope,4,2.0,200.0,165.24,2.4617311382291938,165.24,243.0,219.24,0.8841819159999886,0.8682881249999355,0.0007262079999463822,0.0006561250000913788
aws:ap-northeast-1,azure:westeurope,4,2.0,300.0,157.35600000000002,1.6535720680394128,157.35600000000002,243.0,219.24,0.8710097499999847,0.8899670829999877,0.000710583999989467,0.0006554580000965871
aws:ap-northeast-1,azure:westeurope,4,2.0,500.0,157.35600000000002,3.3993196060877544,157.35600000000002,243.0,189.0,0.8814042499999459,1.0128594159999693,0.0007799169999316291,0.0006805000000440486
aws:ap-northeast-1,azure:westeurope,4,2.0,1000.0,157.35600000000002,7.7636884512086155,157.35600000000002,243.0,189.0,0.9595600000000104,0.9498810420000154,0.0007845410000300035,0.0006806249999726788
aws:ap-northeast-1,azure:westeurope,4,3.0,100.0,,,,,,1.1560841250000067,0.8754080420000037,0.0006534579999879497,0.0
aws:ap-northeast-1,azure:westeurope,4,3.0,200.0,246.78000000000003,2.5773805901086853,246.78000000000003,364.23,328.32,0.8784291659999326,0.8881098340000335,0.0006967079999640191,0.0006342919999724472
aws:ap-northeast-1,azure:westeurope,4,3.0,300.0,239.436,1.6730434782608903,239.436,364.23,328.32,0.8818808749999789,0.8745187499999929,0.000721082999916689,0.0006760829999166162
aws:ap-northeast-1,azure:westeurope,4,3.0,500.0,239.436,3.4393478260869763,239.436,364.23,283.22999999999996,0.8824278330000652,0.8856739999999945,0.0007648749999589199,0.0006815839999489981
aws:ap-northeast-1,azure:westeurope,4,3.0,1000.0,239.436,7.855108695652195,239.436,364.23,283.22999999999996,0.914809417000015,0.8809953329999871,0.0007777920000080485,0.0006657089999180243
aws:ap-northeast-1,azure:westeurope,4,5.0,100.0,,,,,,0.865373542000043,0.8765348749999475,0.0007109160000027259,0.0
aws:ap-northeast-1,azure:westeurope,4,5.0,200.0,418.28400000000005,1.405804381139184,418.2840000000001,598.9085999999999,559.6349399999999,0.9161377080000648,0.8804347499999494,0.000748665999935838,0.0006743330000062997
aws:ap-northeast-1,azure:westeurope,4,5.0,300.0,407.70000000000005,1.6889539136796117,407.70000000000005,598.9085999999999,559.6349399999999,0.8819899170000554,0.8651706250000188,0.0007221660000595875,0.0006631249999600186
aws:ap-northeast-1,azure:westeurope,4,5.0,500.0,406.58400000000006,1.7104088526305148,406.584,598.9085999999999,559.6349399999999,0.9142894579999847,0.8779296669999894,0.0007754590000104145,0.0007065000000920918
aws:ap-northeast-1,azure:westeurope,4,5.0,1000.0,406.58400000000006,3.950277966365782,406.584,598.9085999999999,495.6174,0.9045396250000977,0.8798465000000988,0.0007880829999749039,0.0007092080001029899
aws:ap-northeast-1,azure:westeurope,4,8.0,100.0,,,,,,0.8697769169999674,0.8877193749999606,0.0006551660000013726,0.0
aws:ap-northeast-1,azure:westeurope,4,8.0,200.0,691.632,1.309652240813648,691.632,924.5285999999999,921.7049399999999,0.8858024999999543,0.8886790829999427,0.0007095419999814112,0.0006522500000301079
aws:ap-northeast-1,azure:westeurope,4,8.0,300.0,680.4,1.698037232820063,680.4,924.5285999999999,921.7049399999999,0.8875983329999144,0.9104995839999219,0.0007156249999979991,0.0006548750000092696
aws:ap-northeast-1,azure:westeurope,4,8.0,500.0,678.7439999999999,1.7150185531344917,678.7439999999999,924.5285999999999,921.7049399999999,0.9110041249999767,0.8916779580000593,0.0007818330000191054,0.0007120829999394118
aws:ap-northeast-1,azure:westeurope,4,8.0,1000.0,678.7439999999999,3.960924308791107,678.7439999999999,924.5285999999999,831.63294,0.900329291999924,0.9002149169999711,0.0007968749999918145,0.000719165999953475
aws:ap-northeast-1,azure:westeurope,4,10.0,100.0,,,,,,0.8780855410000186,0.8662683750000042,0.0006387920000179292,0.0
aws:ap-northeast-1,azure:westeurope,4,10.0,200.0,878.2938,1.3137235161252967,878.2938000000003,1118.286,1118.286,0.8868064580000237,0.8797746249999818,0.0007164170000351078,0.0006642499999998108
aws:ap-northeast-1,azure:westeurope,4,10.0,300.0,866.6190000000001,1.701086756308733,866.6190000000001,1118.286,1114.27974,0.9124363339999491,0.8808706670000674,0.0007537919999549558,0.0006904580000082206
aws:ap-northeast-1,azure:westeurope,4,10.0,500.0,864.9630000000002,1.7165606465088636,864.9630000000001,1118.286,1114.27974,0.9240398340000411,0.9488822909999044,0.0007926250000309665,0.0007141669999555234
aws:ap-northeast-1,azure:westeurope,4,10.0,1000.0,864.9630000000001,3.9644858534296823,864.9630000000001,1118.286,1071.93294,0.9232690840000259,0.8773659170000201,0.0008002920000080849,0.0007284169998911239
aws:ap-northeast-1,azure:westeurope,4,12.0,100.0,,,,,,0.8727232910000566,0.8529658749999953,0.0006374170000071899,0.0
aws:ap-northeast-1,azure:westeurope,4,12.0,200.0,1065.6738000000003,1.316451791367708,1065.6738,1320.7266,1306.64394,0.9203791669999646,0.8755583749999687,0.0007213339999907475,0.000664333999907285
aws:ap-northeast-1,azure:westeurope,4,12.0,300.0,1053.4589999999998,1.7031258644536855,1053.4590000000003,1320.7266,1301.7294000000002,1.0466146670000853,1.1177989169999591,0.0007643339999958698,0.0007057920000761442
aws:ap-northeast-1,azure:westeurope,4,12.0,500.0,1051.8029999999999,1.7175902503539113,1051.8029999999999,1320.7266,1301.7294000000002,0.8820865420000246,0.9013513749999902,0.0007985419999840815,0.000721417000022484
aws:ap-northeast-1,azure:westeurope,4,12.0,1000.0,1051.8029999999999,3.9668637769167603,1051.8029999999999,1320.7266,1324.96614,0.9425999159999492,0.8819862499999545,0.0008190409999997428,0.000721708000014587
aws:ap-northeast-1,azure:westeurope,4,15.0,100.0,,,,,,0.8660634169999639,0.8980975829999807,0.000662958000020808,0.0
aws:ap-northeast-1,azure:westeurope,4,15.0,200.0,1348.1261999999997,1.3191914220835272,1348.1261999999997,1635.3700199999998,1594.944,0.885259749999932,0.8734008339999946,0.000741957999935039,0.0006909579999501148
aws:ap-northeast-1,azure:westeurope,4,15.0,300.0,1335.0689999999997,1.705169867060583,1335.069,1635.3700199999998,1594.944,0.8807773329999691,0.8982469999999694,0.0007594160000508055,0.0006864999999152133
aws:ap-northeast-1,azure:westeurope,4,15.0,500.0,1333.4129999999998,1.718621090065934,1333.413,1635.3700199999998,1594.944,0.8851786249999805,0.8792077089999566,0.0008156249999728971,0.0007295000000340224
aws:ap-northeast-1,azure:westeurope,4,15.0,1000.0,1333.4129999999998,3.969244554702719,1333.413,1635.3700199999998,1707.3617399999996,0.9035246250000455,0.8851007089999712,0.0008382910000364063,0.0007366669999555597
azure:japaneast,aws:us-west-2,1,1.0,100.0,64.9683,1.4722304936860162,64.9683,96.12,96.12,0.9061435830000164,0.8803592499999695,0.0007187080000221613,0.0006544589999748496
azure:japaneast,aws:us-west-2,1,1.0,200.0,59.598,2.656471801404728,59.59799999999999,96.12,96.12,0.8949585420000403,0.885944208000069,0.0007326249999550782,0.0006580840000651733
azure:japaneast,aws:us-west-2,1,1.0,300.0,59.59800000000004,5.794469322407344,59.598,96.12,96.12,0.9364415420000114,1.0879503329999807,0.0007888750000120126,0.0006615419999889127
azure:japaneast,aws:us-west-2,1,1.0,500.0,59.598,12.070464364412583,59.59799999999999,96.12,96.12,0.9288704580000058,0.8900692500000105,0.0007411670000010417,0.0006367920000229788
azure:japaneast,aws:us-west-2,1,1.0,1000.0,59.598,27.760451969425663,59.59799999999999,96.12,109.62,0.8875265829999535,0.9193676250000635,0.0007956660000445481,0.000661084000057599
azure:japaneast,aws:us-west-2,1,2.0,100.0,148.3209,1.7002879619076587,148.32090000000002,179.847,194.751,0.888851749999958,0.8740503749999107,0.00069862500004092,0.0006565420000015365
azure:japaneast,aws:us-west-2,1,2.0,200.0,123.13799999999998,2.91968005897078,123.13799999999998,179.847,194.751,0.8910121659999959,0.8617844169999671,0.0007169159999875774,0.0006617919999598598
azure:japaneast,aws:us-west-2,1,2.0,300.0,123.13799999999998,6.140329839976587,123.13799999999998,179.847,194.751,0.9044333330000427,0.8735821250000981,0.000740250000035303,0.0006581669999832229
azure:japaneast,aws:us-west-2,1,2.0,500.0,123.13799999999998,12.58162940198821,123.13799999999998,179.847,194.751,0.8969795829999612,0.9022275830000126,0.0007482920000256854,0.0006601669999781734
azure:japaneast,aws:us-west-2,1,2.0,1000.0,123.13799999999998,28.684878307017257,123.13799999999998,179.847,212.82750000000001,0.8899911659999589,0.9149545830000534,0.0008329579999326597,0.0006672920000028171
azure:japaneast,aws:us-west-2,1,3.0,100.0,242.8209,1.7928630989695442,242.8209,272.619,302.75100000000003,0.9205222499999763,0.8850191670001095,0.0006925000000137516,0.0006218749999788997
azure:japaneast,aws:us-west-2,1,3.0,200.0,196.68959999999998,3.0506824560925487,196.68959999999998,272.619,302.75100000000003,0.895329208000021,0.8699091670000598,0.0007057500000655637,0.0006444169999895166
azure:japaneast,aws:us-west-2,1,3.0,300.0,195.70815,2.2659819899826132,195.70815000000005,272.619,302.75100000000003,0.9437730419999752,0.8766939170000114,0.0007421660000090924,0.0006866250000712171
azure:japaneast,aws:us-west-2,1,3.0,500.0,195.08085000000003,1.418700980903413,195.08084999999997,272.619,302.75100000000003,0.8838595420000956,0.8771734169999945,0.0007552909999049007,0.0006831660000443662
azure:japaneast,aws:us-west-2,1,3.0,1000.0,195.08084999999997,3.717122983177063,195.08084999999997,272.619,302.75100000000003,0.8962813330000472,0.905935750000026,0.0008155830000760034,0.0007170000000087384
azure:japaneast,aws:us-west-2,1,5.0,100.0,454.7979000000001,1.8745119512578974,454.79789999999997,489.15900000000005,519.291,0.8819764159999295,0.8661067909999929,0.0007353749999765569,0.0006653339999047603
azure:japaneast,aws:us-west-2,1,5.0,200.0,353.71259999999995,2.252018615325426,353.71260000000007,489.15900000000005,519.291,0.9237554999999702,0.8803305410000348,0.0007141669999555234,0.0006552919999194273
azure:japaneast,aws:us-west-2,1,5.0,300.0,348.38415,2.319479699871202,348.3841499999999,489.15900000000005,519.291,0.9547673749999603,0.8925545829999919,0.0007213750000119035,0.000669291000008343
azure:japaneast,aws:us-west-2,1,5.0,500.0,346.82984999999996,1.4256915747891767,346.8298499999999,489.15900000000005,519.291,0.9007069580000007,0.8791828749999695,0.000763542000072448,0.000689624999949956
azure:japaneast,aws:us-west-2,1,5.0,1000.0,346.82984999999996,3.735438962053937,346.8298499999999,489.15900000000005,519.291,0.9014985000000024,0.9102087919999349,0.0007812500000454747,0.0006974169999693913
azure:japaneast,aws:us-west-2,1,8.0,100.0,827.7579000000003,1.923793452010134,827.7579000000001,887.2443,887.2443,0.8801137500000777,0.8914631659999941,0.0007112499999948341,0.0006584170000678569
azure:japaneast,aws:us-west-2,1,8.0,200.0,642.7701000000001,2.2926027959145507,642.7701000000001,887.2443,887.2443,0.8823827499999197,0.8689630840000291,0.0007537080000474816,0.0006950829999823327
azure:japaneast,aws:us-west-2,1,8.0,300.0,624.8825999999999,2.3506971877718534,624.8825999999999,887.2443,887.2443,0.9085793750000448,0.8973896250000735,0.0007388750000245636,0.0006760830000303031
azure:japaneast,aws:us-west-2,1,8.0,500.0,621.5255999999999,1.4296541426941118,621.5255999999998,887.2443,887.2443,0.9095770840000341,0.8738607500000626,0.0007570830000531714,0.0006879999999682695
azure:japaneast,aws:us-west-2,1,8.0,1000.0,621.5255999999998,3.7458212430490896,621.5255999999998,887.2443,887.2443,0.8936837500000365,0.901202000000012,0.0008505419999664809,0.0007087080000474089
azure:japaneast,aws:us-west-2,1,10.0,100.0,1124.2813499999997,1.388353713738205,1124.2813499999997,1136.2059,1136.2059,0.8754847499999414,0.8860596249999162,0.0007500830000708447,0.0006940000000668078
azure:japaneast,aws:us-west-2,1,10.0,200.0,856.8531000000002,2.3064578772140685,856.8531,1136.2059,1136.2059,0.9103991670000369,0.8724953749999713,0.0008007500000530854,0.000715084000034949
azure:japaneast,aws:us-west-2,1,10.0,300.0,831.8241,2.3384589498524075,831.8241,1136.2059,1136.2059,0.9174019170000065,0.8884557499999346,0.0007820829999900525,0.0007226250000940126
azure:japaneast,aws:us-west-2,1,10.0,500.0,826.6131000000003,1.430979898118629,826.6131,1136.2059,1136.2059,0.976279040999998,0.8758628750000526,0.0008047500000429864,0.0007419590000381504
azure:japaneast,aws:us-west-2,1,10.0,1000.0,826.6131,3.749294840392629,826.6131000000001,1136.2059,1136.2059,0.8912600830000201,0.8987997919999771,0.0008470410000427364,0.0007473329999356793
azure:japaneast,aws:us-west-2,1,12.0,100.0,,,,,,0.8709004579999373,0.8792249580000089,0.000719750000030217,0.0
azure:japaneast,aws:us-west-2,1,12.0,200.0,,,,,,0.8760506659999692,0.8662579580000056,0.0009664589999829332,0.0
azure:japaneast,aws:us-west-2,1,12.0,300.0,,,,,,0.8848801660000163,0.8705594589999919,0.0011532499999020729,0.0
azure:japaneast,aws:us-west-2,1,12.0,500.0,,,,,,0.8770269999999982,0.8634974169999623,0.0014806250001129229,0.0
azure:japaneast,aws:us-west-2,1,12.0,1000.0,,,,,,0.8747644169999376,0.9047184999999445,0.0018704999999954453,0.0
azure:japaneast,aws:us-west-2,1,15.0,100.0,,,,,,0.8917401669999663,0.9099197079999612,0.0008677089999764576,0.0
azure:japaneast,aws:us-west-2,1,15.0,200.0,,,,,,0.9055094579999832,0.8686267079999652,0.0009854999999561187,0.0
azure:japaneast,aws:us-west-2,1,15.0,300.0,,,,,,0.8998870830000669,0.8790139999999838,0.0011735410000710544,0.0
azure:japaneast,aws:us-west-2,1,15.0,500.0,,,,,,0.868948249999903,0.8737977089999731,0.0015634999999747379,0.0
azure:japaneast,aws:us-west-2,1,15.0,1000.0,,,,,,0.8679375839999466,0.8884738330000346,0.0018462500000850923,0.0
azure:japaneast,aws:us-west-2,2,1.0,100.0,55.62,1.6484865311907555,55.62,96.12,96.12,0.8784540839999408,0.880633792000026,0.0007432499999140418,0.0006577919999699589
azure:japaneast,aws:us-west-2,2,1.0,200.0,55.62,4.944800330812683,55.62,96.12,96.12,0.8840323329999364,0.865873249999936,0.0006948750000219661,0.0006356670000968734
azure:japaneast,aws:us-west-2,2,1.0,300.0,55.62,8.24111413043461,55.62,96.12,96.12,0.8943690419999939,0.8735026670000252,0.0007226669999909063,0.0007383749999689826
azure:japaneast,aws:us-west-2,2,1.0,500.0,55.62,14.833741729678469,55.62,96.12,96.12,0.8895177910000029,0.8800233329999401,0.000746332999938204,0.0006363329999885536
azure:japaneast,aws:us-west-2,2,1.0,1000.0,55.62,31.31531072778811,55.62,96.12,109.62,0.8982100000000628,0.8948707499999955,0.0007805420000295271,0.0006567499999619031
azure:japaneast,aws:us-west-2,2,2.0,100.0,128.85659999999996,1.7002879619076587,128.8566,191.16,191.16,0.8897134590000633,0.8743100000000368,0.0006716249999954016,0.0006511670000008962
azure:japaneast,aws:us-west-2,2,2.0,200.0,118.116,3.0377727337154674,118.11599999999999,191.16,191.16,0.8756916250000586,0.8535519160000149,0.0007295000000340224,0.0006558750000067448
azure:japaneast,aws:us-west-2,2,2.0,300.0,118.116,6.626203238708339,118.11599999999999,191.16,191.16,0.9249099160000469,0.8797584999999799,0.0007202079999615307,0.0006381250000231375
azure:japaneast,aws:us-west-2,2,2.0,500.0,118.11599999999999,13.80301778852207,118.11599999999999,191.16,191.16,0.8893132919999971,0.8779367500000035,0.0007706250000865111,0.0006577499999593783
azure:japaneast,aws:us-west-2,2,2.0,1000.0,118.116,31.745092879866405,118.11599999999999,191.16,218.16,0.8876059160000977,0.8863512079999509,0.0007630830000380229,0.0006293330000062269
azure:japaneast,aws:us-west-2,2,3.0,100.0,204.00660000000002,1.7928630989695442,204.00659999999996,285.66,285.66,0.8899553749999995,0.8776618330000474,0.000704832999986138,0.0006617080000523856
azure:japaneast,aws:us-west-2,2,3.0,200.0,181.65599999999998,3.0506824560925487,181.65599999999998,285.66,285.66,0.8832439170000725,0.8704585410000618,0.0007281250000232831,0.0006331250000357613
azure:japaneast,aws:us-west-2,2,3.0,300.0,181.65599999999998,6.415838769690904,181.65599999999998,285.66,285.66,0.9171465420000686,0.8809734999999819,0.0007116659999155672,0.0007195419999561636
azure:japaneast,aws:us-west-2,2,3.0,500.0,181.65599999999998,13.14615139688761,181.65599999999995,285.66,285.66,0.903372916999956,0.8793472500000235,0.0007722079999439302,0.0006626250000181244
azure:japaneast,aws:us-west-2,2,3.0,1000.0,181.65599999999995,29.971932964879382,181.65599999999995,285.66,326.16,0.9059479999999667,0.9017433330000131,0.000861249999957181,0.0006591659999912736
azure:japaneast,aws:us-west-2,2,5.0,100.0,390.0618,1.8745119512578974,390.0618,436.158,495.882,0.882247207999967,0.8711956660000624,0.0007032500000150321,0.0006666670000186059
azure:japaneast,aws:us-west-2,2,5.0,200.0,316.6092,3.1642637038902706,316.6092,436.158,495.882,0.8931149169999344,0.865598083000009,0.000728291000086756,0.0006619579999096459
azure:japaneast,aws:us-west-2,2,5.0,300.0,314.5679999999999,2.319479699871202,314.5679999999999,436.158,495.882,0.8981147910000118,0.8689979160000121,0.000746583000022838,0.0006567089999407472
azure:japaneast,aws:us-west-2,2,5.0,500.0,313.83,1.4256915747891767,313.8299999999999,436.158,495.882,0.8935289579999335,0.8714480830000184,0.000780417000100897,0.0007067499999493521
azure:japaneast,aws:us-west-2,2,5.0,1000.0,313.83,3.735438962053937,313.83,436.158,495.882,0.9054169159999219,0.897110874999953,0.000813291999975263,0.0007129170001007878
azure:japaneast,aws:us-west-2,2,8.0,100.0,691.9758,1.923793452010134,691.9757999999999,760.6980000000001,820.9620000000001,0.8820208750000802,0.8855919170000561,0.0007302500000605505,0.0006668749999789725
azure:japaneast,aws:us-west-2,2,8.0,200.0,542.5992,3.231949369880617,542.5992,760.6980000000001,820.9620000000001,0.8825992079999878,0.8642162500000268,0.000759042000026966,0.0006719170000906161
azure:japaneast,aws:us-west-2,2,8.0,300.0,540.0962999999999,2.3506971877718534,540.0963,760.6980000000001,820.9620000000001,0.9086164159999726,0.8827235420000079,0.000763207999966653,0.0006896659999711119
azure:japaneast,aws:us-west-2,2,8.0,500.0,538.8920999999999,1.4296541426941118,538.8920999999999,760.6980000000001,820.9620000000001,0.9034766249999393,0.8750245410000161,0.0007797080000955248,0.0007097919999523583
azure:japaneast,aws:us-west-2,2,8.0,1000.0,538.8920999999998,3.7458212430490896,538.8920999999999,760.6980000000001,820.9620000000001,0.8835982919999879,0.9038645840000754,0.0008084170000302038,0.0007140000000163127
azure:japaneast,aws:us-west-2,2,10.0,100.0,908.5158000000002,1.9408015435768533,908.5158,977.2380000000002,1037.502,0.8807200829999147,0.8772690829999874,0.0007343330000821879,0.000667207999981656
azure:japaneast,aws:us-west-2,2,10.0,200.0,705.8052,2.3064578772140685,705.8052000000001,977.2380000000002,1037.502,0.8976739999999381,0.8704853329999196,0.0007242090000545431,0.0006480419999661535
azure:japaneast,aws:us-west-2,2,10.0,300.0,694.6083,2.361290592332967,694.6083,977.2380000000002,1037.502,0.906577083000002,0.8885942090000754,0.000757165999971221,0.0006914169999845399
azure:japaneast,aws:us-west-2,2,10.0,500.0,691.1037000000001,1.430979898118629,691.1037,977.2380000000002,1037.502,0.8868689579999227,0.8787063330000819,0.000804916999982197,0.0007200410000223201
azure:japaneast,aws:us-west-2,2,10.0,1000.0,691.1037,3.724860041653649,691.1037,977.2380000000002,1037.502,0.8779754160000266,1.0345025419999274,0.0008731249999982538,0.0007665419999511869
azure:japaneast,aws:us-west-2,2,12.0,100.0,1125.5958,1.9523083363727238,1125.5958,1221.93,1221.93,0.9083044999999856,0.8784062500000118,0.0007159170000932136,0.0007695829999647685
azure:japaneast,aws:us-west-2,2,12.0,200.0,895.3901999999999,2.3157880095282017,895.3902,1221.93,1221.93,0.8837032920000638,0.8850880840000173,0.0007552079999868511,0.0006858330000341084
azure:japaneast,aws:us-west-2,2,12.0,300.0,867.9852,2.368406065349724,867.9852,1221.93,1221.93,0.9126001670000505,0.8913125419999233,0.0007725830000708811,0.0007039170000098238
azure:japaneast,aws:us-west-2,2,12.0,500.0,861.4151999999999,1.4318651019215878,861.4151999999999,1221.93,1221.93,0.9157304579999845,0.8814473749999934,0.0008120420000068407,0.0007282919999624937
azure:japaneast,aws:us-west-2,2,12.0,1000.0,861.4151999999999,3.72713064092779,861.4151999999999,1221.93,1221.93,0.9001974580000933,0.9050932919999468,0.0008146659999965777,0.0007388750000245636
azure:japaneast,aws:us-west-2,2,15.0,100.0,1510.4358000000004,1.9639523879056497,1510.4358,1653.93,1653.93,0.8917000419999113,0.883123458,0.0007295830000657588,0.0006769579999854614
azure:japaneast,aws:us-west-2,2,15.0,200.0,1180.9601999999998,2.325193933333857,1180.9601999999998,1653.93,1653.93,0.8854462499999727,0.8816494999999804,0.0007571250000637519,0.0006878750000396394
azure:japaneast,aws:us-west-2,2,15.0,300.0,1152.0251999999998,2.375564551272223,1152.0252,1653.93,1653.93,0.9042573749999292,0.8832380420000163,0.0007305840000526587,0.0006708329999582929
azure:japaneast,aws:us-west-2,2,15.0,500.0,1145.4551999999999,1.432751401576141,1145.4552,1653.93,1653.93,0.9079022079999959,0.8889441669999769,0.0007718749999412466,0.0007022500000175569
azure:japaneast,aws:us-west-2,2,15.0,1000.0,1145.4551999999999,3.7294040101131145,1145.4552,1653.93,1653.93,0.8914026250000688,0.9012805410000055,0.0007855000000063228,0.0006975000000011278
azure:japaneast,aws:us-west-2,4,1.0,100.0,55.62,1.6484865311907555,55.62,96.12,96.12,0.8809433330000047,0.8789165409999669,0.0007537079999337948,0.0006579999999303254
azure:japaneast,aws:us-west-2,4,1.0,200.0,55.62,4.944800330812683,55.62,96.12,96.12,0.8806121249999705,0.8702372500000592,0.000696332999950755,0.0006483329999582566
azure:japaneast,aws:us-west-2,4,1.0,300.0,55.62,8.24111413043461,55.62,96.12,96.12,0.8980827499999577,0.8756320410000171,0.0007457499999645734,0.0007374580000032438
azure:japaneast,aws:us-west-2,4,1.0,500.0,55.62,14.833741729678469,55.62,96.12,96.12,0.8922227499999735,0.8759715830000232,0.0007769170000528902,0.0006552090000013777
azure:japaneast,aws:us-west-2,4,1.0,1000.0,55.62,31.31531072778811,55.62,96.12,109.62,0.8806785000000446,0.8949400830000513,0.0007782079999287816,0.0006530829999746857
azure:japaneast,aws:us-west-2,4,2.0,100.0,110.7,1.8988554708762315,110.7,191.16,191.16,0.8811120840000513,0.8745579579999685,0.0007039160000203992,0.0006553340000436947
azure:japaneast,aws:us-west-2,4,2.0,200.0,110.7,5.6958070223187995,110.7,191.16,191.16,0.8764519580000751,0.8667018750001034,0.0006935830000429632,0.0006297500000300715
azure:japaneast,aws:us-west-2,4,2.0,300.0,110.7,9.492758573761371,110.7,191.16,191.16,0.8964064169999801,0.8723864590000403,0.0007150000000137879,0.0006378330000416099
azure:japaneast,aws:us-west-2,4,2.0,500.0,110.7,17.086661676646507,110.7,191.16,218.16,0.8930681669999103,0.8924908330000108,0.0007509590000154276,0.0006373749999966094
azure:japaneast,aws:us-west-2,4,2.0,1000.0,110.7,32.0,110.7,191.16,218.16,0.8821237090000977,0.9125779170000214,0.000767708000012135,0.0006374170000071899
azure:japaneast,aws:us-west-2,4,3.0,100.0,181.48319999999995,1.7928630989695442,181.4832,285.66,285.66,0.901793874999953,0.8807974159999503,0.0006892499999366919,0.0006511249999903157
azure:japaneast,aws:us-west-2,4,3.0,200.0,172.152,3.190420085017652,172.152,285.66,285.66,0.8831578329999275,0.860710790999974,0.0007359580000638744,0.0006558329999961643
azure:japaneast,aws:us-west-2,4,3.0,300.0,172.15200000000002,6.9591520973237095,172.152,285.66,285.66,0.9019970840000724,0.8770166250000102,0.0007333340000741373,0.0006568329999936395
azure:japaneast,aws:us-west-2,4,3.0,500.0,172.15200000000002,14.496616121935844,172.152,285.66,285.66,0.8991517079999767,0.8838113750000502,0.0007449170000199956,0.0006283750000193322
azure:japaneast,aws:us-west-2,4,3.0,1000.0,172.152,32.0,172.152,285.66,326.16,0.8899970830000257,0.9021846249999044,0.0007734160000154588,0.000629833000061808
azure:japaneast,aws:us-west-2,4,5.0,100.0,331.7832,1.8745119512578974,331.7832,475.74,475.74,0.8816893339999297,0.890243541000018,0.0007033749999436623,0.0006369579999727648
azure:japaneast,aws:us-west-2,4,5.0,200.0,298.69199999999995,3.1642637038902706,298.69199999999995,475.74,475.74,0.8830589579999923,0.8666478339999912,0.0007369170000401937,0.0006573340000386452
azure:japaneast,aws:us-west-2,4,5.0,300.0,298.6919999999999,6.654709574377627,298.69199999999995,475.74,475.74,0.9012748750000128,0.8768340420000413,0.0007416659999535113,0.0006604579999702764
azure:japaneast,aws:us-west-2,4,5.0,500.0,298.69199999999995,13.635601315352336,298.692,475.74,475.74,0.9003745840000192,0.8956651250000505,0.0007842080000273199,0.0006609590000152821
azure:japaneast,aws:us-west-2,4,5.0,1000.0,298.69199999999995,31.087830667789113,298.692,475.74,543.24,0.8932500409999875,0.9001911670000027,0.0008030839999264572,0.0006708329999582929
azure:japaneast,aws:us-west-2,4,8.0,100.0,588.9636,1.923793452010134,588.9636000000002,716.688,774.6840000000001,0.9148166249999576,0.882325958000024,0.0007013329999381313,0.0007069170000022496
azure:japaneast,aws:us-west-2,4,8.0,200.0,489.3119999999999,3.231949369880617,489.3119999999999,716.688,774.6840000000001,0.8757153330000165,0.8574109160000489,0.0007124999999632564,0.0006617500000629661
azure:japaneast,aws:us-west-2,4,8.0,300.0,489.3119999999999,6.797058155805999,489.3119999999999,716.688,774.6840000000001,0.9093247499999961,0.8695647089999738,0.0007343749999790816,0.00065841699995417
azure:japaneast,aws:us-west-2,4,8.0,500.0,489.3119999999999,13.927275727656767,489.312,716.688,774.6840000000001,0.9293052909999915,0.9811287919999359,0.0007887919999802762,0.0006650830000580754
azure:japaneast,aws:us-west-2,4,8.0,1000.0,489.3119999999999,31.752819657283688,489.312,716.688,846.9900000000001,0.9181355409999696,0.8957909580000205,0.0007574580000664355,0.0006317080000144415
azure:japaneast,aws:us-west-2,4,10.0,100.0,779.0436,1.9408015435768533,779.0436,871.236,990.6840000000001,0.8909360829999287,0.8892639590000044,0.0007289999999784413,0.0006618749999915963
azure:japaneast,aws:us-west-2,4,10.0,200.0,632.1384,3.25515936437969,632.1384,871.236,990.6840000000001,0.8950954590000038,0.8582495420000669,0.0007010000000491345,0.0007085839999945165
azure:japaneast,aws:us-west-2,4,10.0,300.0,628.5959999999999,2.361290592332966,628.5959999999999,871.236,990.6840000000001,0.9155269169999656,0.876347624999994,0.0007636249999904976,0.0006987919999801306
azure:japaneast,aws:us-west-2,4,10.0,500.0,627.12,1.430979898118629,627.12,871.236,990.6840000000001,0.8872601670000222,0.8813152919999538,0.0007507499999519496,0.0006847500000048967
azure:japaneast,aws:us-west-2,4,10.0,1000.0,627.12,3.749294840392629,627.1199999999999,871.236,990.6840000000001,0.8958875829999897,0.8998909580000145,0.0008102499999722568,0.0007083750000447253
azure:japaneast,aws:us-west-2,4,12.0,100.0,969.1236000000002,1.9523083363727238,969.1236,1087.776,1208.304,0.8836527500000102,0.877784915999996,0.0007176249999929496,0.0006564579999803755
azure:japaneast,aws:us-west-2,4,12.0,200.0,782.9784,3.2708187858492863,782.9784,1087.776,1208.304,0.870122791999961,0.8752188329999626,0.0007030409999515541,0.0006317919999219157
azure:japaneast,aws:us-west-2,4,12.0,300.0,777.9725999999999,2.368406065349724,777.9726000000002,1087.776,1208.304,0.9087246670000013,0.8703705000000355,0.0007994999999709762,0.0007028329999911875
azure:japaneast,aws:us-west-2,4,12.0,500.0,775.5642,1.4318651019215878,775.5642,1087.776,1208.304,0.8861110829999461,0.8819464590000052,0.0007749579999654088,0.0007069170000022496
azure:japaneast,aws:us-west-2,4,12.0,1000.0,775.5642,3.751614153232385,775.5642,1087.776,1208.304,0.8930601249999199,0.8868154159999904,0.0007744580000235146,0.0006844590000127937
azure:japaneast,aws:us-west-2,4,15.0,100.0,1275.4116000000001,1.9639523879056497,1275.4116,1412.3159999999998,1533.3840000000002,0.8678824169999189,0.8677469999998948,0.0006779579999829366,0.0006360830000176065
azure:japaneast,aws:us-west-2,4,15.0,200.0,1009.5084,3.2866295994998254,1009.5084,1412.3159999999998,1533.3840000000002,0.8796183750000637,0.8597767500000373,0.0007235829999672205,0.0006677080000372371
azure:japaneast,aws:us-west-2,4,15.0,300.0,1003.9625999999998,2.375564551272223,1003.9626000000001,1412.3159999999998,1533.3840000000002,0.9009952499999372,0.8624412499999607,0.0007159589999901073,0.0006594999999833817
azure:japaneast,aws:us-west-2,4,15.0,500.0,1001.5541999999997,1.432751401576141,1001.5541999999997,1412.3159999999998,1533.3840000000002,0.8864650419999407,0.8785666249999622,0.0008017500000505606,0.0007185829999798443
azure:japaneast,aws:us-west-2,4,15.0,1000.0,1001.5541999999997,3.7539363373009564,1001.5541999999997,1412.3159999999998,1533.3840000000002,0.8833589580000307,0.8880312080000294,0.0007922080000071219,0.000715375000027052
aws:us-east-1,gcp:europe-west1,1,1.0,100.0,41.58,2.5061486760885394,41.58,41.58,41.58,0.8715263330000198,0.8685862500000212,0.0007066250000207219,0.0006467910000083066
aws:us-east-1,gcp:europe-west1,1,1.0,200.0,41.58,6.725609364847475,41.58,41.58,41.58,0.8711103750000575,0.8559980830000313,0.0007036250000282962,0.0006461250000029395
aws:us-east-1,gcp:europe-west1,1,1.0,300.0,41.58,10.945070053606411,41.58,41.58,41.58,0.8902574999999615,0.869419999999991,0.0007369579999476628,0.0006435000000237778
aws:us-east-1,gcp:europe-west1,1,1.0,500.0,41.58,19.38399143112428,41.58,41.58,41.58,0.8756840830000101,0.8639299580000852,0.0007537499999443753,0.0006487499999821011
aws:us-east-1,gcp:europe-west1,1,1.0,1000.0,41.58,32.0,41.58,41.58,41.58,0.8699590830000261,0.863328249999995,0.0007869170000276426,0.0006470419999686783
aws:us-east-1,gcp:europe-west1,1,2.0,100.0,91.269,2.441442100136836,91.269,91.269,91.269,0.8864128330000085,0.8770862499999339,0.0007147080000322603,0.0006510839999691598
aws:us-east-1,gcp:europe-west1,1,2.0,200.0,91.269,6.914746690932671,91.269,91.269,117.21600000000001,0.8686202079999248,0.8578532079999377,0.0007067500000630389,0.000650457999995524
aws:us-east-1,gcp:europe-west1,1,2.0,300.0,91.269,11.389369899794247,91.269,91.269,117.21600000000001,0.8611477499999864,0.9136796250000998,0.0007487920000812665,0.0006499159999293624
aws:us-east-1,gcp:europe-west1,1,2.0,500.0,91.269,20.337297699451653,91.269,91.269,117.21600000000001,0.8876797909999823,0.876178457999913,0.0007332500000529762,0.0006307079999032794
aws:us-east-1,gcp:europe-west1,1,2.0,1000.0,91.269,32.0,91.269,91.269,117.21600000000001,0.9120259170000509,0.883784374999891,0.0007527500000605869,0.0006250420000242229
aws:us-east-1,gcp:europe-west1,1,3.0,100.0,146.84400000000002,2.470982666425101,146.84400000000002,146.844,146.844,0.887717834,0.8764561250000042,0.0007053749999386127,0.0006531669999958467
aws:us-east-1,gcp:europe-west1,1,3.0,200.0,141.309,2.100098218094445,141.309,146.844,146.844,0.8816118750000896,0.851290375000076,0.0006946669999479127,0.0006382499999517677
aws:us-east-1,gcp:europe-west1,1,3.0,300.0,141.30899999999997,4.205354313622838,141.309,146.844,193.716,0.8983473749999575,0.8729254999999512,0.0007417909999958283,0.000660499999980857
aws:us-east-1,gcp:europe-west1,1,3.0,500.0,141.309,8.415866504679615,141.309,146.844,193.716,0.8810783339999944,0.8706408330000386,0.0007606249999980719,0.0006596669999225924
aws:us-east-1,gcp:europe-west1,1,3.0,1000.0,141.309,18.94214698232159,141.309,146.844,193.716,0.8774804579999227,0.8873191249999763,0.0008138749999488937,0.0006604579999702764
aws:us-east-1,gcp:europe-west1,1,5.0,100.0,299.84400000000005,2.614044895108833,299.844,299.844,299.844,0.8698731250000264,0.8523894579999478,0.00071087499998157,0.0006587909999780095
aws:us-east-1,gcp:europe-west1,1,5.0,200.0,275.328,2.14834151483452,275.328,299.844,299.844,0.8636271249999936,0.8884575419999692,0.000721291999980167,0.0006489170000349986
aws:us-east-1,gcp:europe-west1,1,5.0,300.0,275.328,4.301959393471602,275.328,299.844,326.709,0.9390407079999932,0.9939161249999415,0.000752709000039431,0.0006654999999682332
aws:us-east-1,gcp:europe-west1,1,5.0,500.0,275.328,8.609195150745766,275.328,299.844,326.709,0.943581207999955,1.1443194580000409,0.0007391670000060913,0.0006505829999241541
aws:us-east-1,gcp:europe-west1,1,5.0,1000.0,275.328,19.377284543931175,275.328,299.844,326.709,0.9324344999999994,0.8778695830000061,0.000790209000001596,0.0006503330000668939
aws:us-east-1,gcp:europe-west1,1,8.0,100.0,,,,,,0.8751497499999914,0.8644566250000025,0.0007566250000081709,0.0
aws:us-east-1,gcp:europe-west1,1,8.0,200.0,,,,,,0.8544001660000049,0.8942732089999481,0.0008759170000303129,0.0
aws:us-east-1,gcp:europe-west1,1,8.0,300.0,,,,,,0.8581277920000048,0.8720769999999902,0.001076916999977584,0.0
aws:us-east-1,gcp:europe-west1,1,8.0,500.0,,,,,,0.8537386669999023,0.8923595420000083,0.0013480000000072323,0.0
aws:us-east-1,gcp:europe-west1,1,8.0,1000.0,,,,,,0.8717853340000374,0.8662794159999976,0.0018526669999801015,0.0
aws:us-east-1,gcp:europe-west1,1,10.0,100.0,,,,,,0.8833412919999546,0.8633270829999447,0.0007136250000030486,0.0
aws:us-east-1,gcp:europe-west1,1,10.0,200.0,,,,,,0.8773813330000166,0.873953709000034,0.0008584160000282282,0.0
aws:us-east-1,gcp:europe-west1,1,10.0,300.0,,,,,,0.8677934579999373,0.8685006659999317,0.0010771249999379506,0.0
aws:us-east-1,gcp:europe-west1,1,10.0,500.0,,,,,,0.8608849589999181,0.8884261250000236,0.0013333330000477872,0.0
aws:us-east-1,gcp:europe-west1,1,10.0,1000.0,,,,,,0.8669461670000373,0.8662833339999452,0.0020605000000841756,0.0
aws:us-east-1,gcp:europe-west1,1,12.0,100.0,,,,,,0.8564213330000712,0.8790312080000149,0.0007384169999795631,0.0
aws:us-east-1,gcp:europe-west1,1,12.0,200.0,,,,,,0.861482709000029,0.8666425420000223,0.0008861659999865878,0.0
aws:us-east-1,gcp:europe-west1,1,12.0,300.0,,,,,,0.8704771250000931,0.8498688329999595,0.0010868750000554428,0.0
aws:us-east-1,gcp:europe-west1,1,12.0,500.0,,,,,,0.8887405420000505,0.8655895829999736,0.0013517080000156056,0.0
aws:us-east-1,gcp:europe-west1,1,12.0,1000.0,,,,,,0.8609676669999544,0.8587062500000684,0.0018368749999808642,0.0
aws:us-east-1,gcp:europe-west1,1,15.0,100.0,,,,,,0.8582578339999145,0.8883337920000258,0.0007249999999885404,0.0
aws:us-east-1,gcp:europe-west1,1,15.0,200.0,,,,,,0.8676834159999771,0.8690645000000359,0.0008611670000391314,0.0
aws:us-east-1,gcp:europe-west1,1,15.0,300.0,,,,,,0.8593080000000555,0.8842265419999649,0.0010534170000937593,0.0
aws:us-east-1,gcp:europe-west1,1,15.0,500.0,,,,,,0.867894500000034,0.8698407499999803,0.001350915999978497,0.0
aws:us-east-1,gcp:europe-west1,1,15.0,1000.0,,,,,,0.8827629579999439,0.8704333749999478,0.0018265830000245842,0.0
aws:us-east-1,gcp:europe-west1,2,1.0,100.0,41.58,2.5061486760885394,41.58,41.58,41.58,0.9011789999999564,0.892888083999992,0.0006950419999611768,0.0006413330000896167
aws:us-east-1,gcp:europe-west1,2,1.0,200.0,41.58,6.725609364847475,41.58,41.58,41.58,0.8742118330000039,0.8588619170000129,0.0006782499999644642,0.0006219160000000556
aws:us-east-1,gcp:europe-west1,2,1.0,300.0,41.58,10.945070053606411,41.58,41.58,41.58,0.8681600830000207,0.9066889999999148,0.0006989590000330281,0.00062529199999517
aws:us-east-1,gcp:europe-west1,2,1.0,500.0,41.58,19.38399143112428,41.58,41.58,41.58,0.9082382920000782,0.9055970839999645,0.0007605840000906028,0.0006484169999794176
aws:us-east-1,gcp:europe-west1,2,1.0,1000.0,41.58,32.0,41.58,41.58,41.58,0.8926597089999859,0.8957848750000039,0.000756374999923537,0.000619500000084372
aws:us-east-1,gcp:europe-west1,2,2.0,100.0,82.62,3.015018809849728,82.62,82.62,82.62,0.8765450000000783,0.8732680829999708,0.0007372910000640331,0.000673375000019405
aws:us-east-1,gcp:europe-west1,2,2.0,200.0,82.62,8.091235342974606,82.62,82.62,82.62,0.8840287499999704,0.8838196670000116,0.0007163330000139467,0.0006493340000588432
aws:us-east-1,gcp:europe-west1,2,2.0,300.0,82.62,13.167451876099484,82.62,82.62,82.62,0.925151000000028,0.9573707079999849,0.0007252499999594875,0.0006569999999328502
aws:us-east-1,gcp:europe-west1,2,2.0,500.0,82.62,23.31988494234924,82.62,82.62,82.62,0.8821864159999677,0.8747041670000044,0.0007630409999137555,0.0006448340000133612
aws:us-east-1,gcp:europe-west1,2,2.0,1000.0,82.62,32.0,82.62,82.62,82.62,0.9568767910000133,0.9039648750000424,0.0008164160000205811,0.0006476669999528895
aws:us-east-1,gcp:europe-west1,2,3.0,100.0,131.958,2.596319992381055,131.958,131.958,131.958,0.8789467499999546,0.8799084999999423,0.0007586670000137019,0.0006887909999022668
aws:us-east-1,gcp:europe-west1,2,3.0,200.0,131.958,7.354098977868908,131.958,131.958,156.852,0.9818877499999417,0.9036064580000129,0.0006861670000262166,0.0006248339999501695
aws:us-east-1,gcp:europe-west1,2,3.0,300.0,131.958,12.111877963356765,131.958,131.958,156.852,0.9080120830000169,0.8794638749999422,0.0007370419999688238,0.000662958000020808
aws:us-east-1,gcp:europe-west1,2,3.0,500.0,131.958,21.627435934332475,131.958,131.958,156.852,0.8944480000000112,0.8658108330000687,0.0007684159999143958,0.0006609579999121706
aws:us-east-1,gcp:europe-west1,2,3.0,1000.0,131.958,32.0,131.958,131.958,156.852,0.9310960420000356,0.8913611670000137,0.0007479160000229967,0.0006260410000322736
aws:us-east-1,gcp:europe-west1,2,5.0,100.0,230.958,2.73512669434367,230.958,230.958,230.958,0.9093047919999435,0.902001499999983,0.0006844170000022132,0.0006302090000644966
aws:us-east-1,gcp:europe-west1,2,5.0,200.0,230.958,7.747270169409312,230.958,230.958,309.85200000000003,0.904102082999998,0.9019726669999955,0.0007270410000046468,0.0006491660000165211
aws:us-east-1,gcp:europe-west1,2,5.0,300.0,230.958,12.75941364447495,230.958,230.958,309.85200000000003,0.9182341669999232,0.9140251250000802,0.0007139169999845763,0.0006301660000644915
aws:us-east-1,gcp:europe-west1,2,5.0,500.0,230.958,22.78370059460623,230.958,230.958,309.85200000000003,0.9093362500000239,0.9622099580000167,0.0007557919999499063,0.0006508339999982127
aws:us-east-1,gcp:europe-west1,2,5.0,1000.0,230.958,32.0,230.95800000000006,230.958,309.85200000000003,0.9118792499999699,0.883044957999914,0.000875791999987996,0.0006377500000098735
aws:us-east-1,gcp:europe-west1,2,8.0,100.0,445.06800000000015,2.7020423195067664,445.06800000000004,445.06800000000004,445.06800000000004,0.874038374999941,0.86409766700001,0.0006987499999695501,0.0006637909999653857
aws:us-east-1,gcp:europe-west1,2,8.0,200.0,397.87199999999996,2.17646516052616,397.87199999999996,445.06800000000004,445.06800000000004,0.8946007089999739,0.8706012920000603,0.0007165409999743133,0.0006697079999185007
aws:us-east-1,gcp:europe-west1,2,8.0,300.0,397.87199999999996,4.358275757013612,397.87199999999996,445.06800000000004,539.892,0.9921883340000477,0.884342290999939,0.0007443329999432535,0.0006597920000785962
aws:us-east-1,gcp:europe-west1,2,8.0,500.0,397.87199999999996,8.721896949988519,397.87199999999996,445.06800000000004,539.892,0.8783329999999978,0.8995782079999799,0.0007578750000902801,0.0006457079999790949
aws:us-east-1,gcp:europe-west1,2,8.0,1000.0,397.87199999999996,19.630949932425786,397.87199999999996,445.06800000000004,539.892,0.9218612089999851,0.8978967919999832,0.0008083750000196233,0.0006635830000050191
aws:us-east-1,gcp:europe-west1,2,10.0,100.0,598.6080000000001,2.7327063065796935,598.6080000000001,598.608,598.608,0.8882056660000899,0.905976666000015,0.0006822499999543652,0.0006283750000193322
aws:us-east-1,gcp:europe-west1,2,10.0,200.0,549.5760000000001,2.1860040541447567,549.576,598.608,598.608,0.9058679580000444,0.9032814580000377,0.0007421249999879365,0.0006694170000400845
aws:us-east-1,gcp:europe-west1,2,10.0,300.0,549.576,4.377376971938002,549.576,598.608,652.338,0.8756039590000455,0.8718509589999712,0.0007094160000633565,0.0006522919999270016
aws:us-east-1,gcp:europe-west1,2,10.0,500.0,549.576,8.760122807524496,549.576,598.608,652.338,0.9108947500000113,0.8864943750000975,0.0007607090000192329,0.0006637920000684971
aws:us-east-1,gcp:europe-west1,2,10.0,1000.0,549.576,19.71698739649073,549.576,598.608,652.338,0.9084260839999843,0.8903346669999337,0.000767582999969818,0.0006492080000271017
aws:us-east-1,gcp:europe-west1,2,12.0,100.0,,,,,,0.8678275830000075,0.8950839999999971,0.0007164590000456883,0.0
aws:us-east-1,gcp:europe-west1,2,12.0,200.0,,,,,,0.8736955409999609,0.8844410839999455,0.0008698330000243004,0.0
aws:us-east-1,gcp:europe-west1,2,12.0,300.0,,,,,,0.8746006659999921,0.8948914159999504,0.0010252909999053372,0.0
aws:us-east-1,gcp:europe-west1,2,12.0,500.0,,,,,,0.8720877079999809,0.8854354579999608,0.001339791999953377,0.0
aws:us-east-1,gcp:europe-west1,2,12.0,1000.0,,,,,,0.9454231660000687,0.9032724579999467,0.0018430000000080327,0.0
aws:us-east-1,gcp:europe-west1,2,15.0,100.0,,,,,,0.9598957910000081,0.9300993749999407,0.0007250420001128077,0.0
aws:us-east-1,gcp:europe-west1,2,15.0,200.0,,,,,,0.9205516249999164,0.9367278330000772,0.0008878329999788548,0.0
aws:us-east-1,gcp:europe-west1,2,15.0,300.0,,,,,,0.8981880830001501,0.9412789580001117,0.0011295839999547752,0.0
aws:us-east-1,gcp:europe-west1,2,15.0,500.0,,,,,,0.89674195900011,0.9149217500000759,0.0013514589998067095,0.0
aws:us-east-1,gcp:europe-west1,2,15.0,1000.0,,,,,,0.9177238750000924,0.9622590419999142,0.0019110420000743034,0.0
aws:us-east-1,gcp:europe-west1,4,1.0,100.0,41.58,2.5061486760885394,41.58,41.58,41.58,0.9395906249999371,0.9329209579998405,0.0007255840000652825,0.0006477920001088933
aws:us-east-1,gcp:europe-west1,4,1.0,200.0,41.58,6.725609364847475,41.58,41.58,41.58,1.0077187079998566,0.9255537920000734,0.0007411249998767744,0.0006554579999829002
aws:us-east-1,gcp:europe-west1,4,1.0,300.0,41.58,10.945070053606411,41.58,41.58,41.58,0.9550457499999538,0.9209736669999984,0.0007457080000676797,0.0006554169999617443
aws:us-east-1,gcp:europe-west1,4,1.0,500.0,41.58,19.38399143112428,41.58,41.58,41.58,0.9227647919999526,0.907031624999945,0.0007686669998747675,0.000644584000156101
aws:us-east-1,gcp:europe-west1,4,1.0,1000.0,41.58,32.0,41.58,41.58,41.58,1.060002749999967,0.9560739579999336,0.0008046670000112499,0.0006538750001254812
aws:us-east-1,gcp:europe-west1,4,2.0,100.0,82.62,3.015018809849728,82.62,82.62,82.62,0.9301243750001049,0.9199612080001316,0.0007078749999891443,0.000647915999934412
aws:us-east-1,gcp:europe-west1,4,2.0,200.0,82.62,8.091235342974606,82.62,82.62,82.62,0.9537691670000186,0.9361674169999787,0.0007584589998259617,0.0006492499999239953
aws:us-east-1,gcp:europe-west1,4,2.0,300.0,82.62,13.167451876099484,82.62,82.62,82.62,0.9111202500000672,0.9342512079999779,0.0007900420000623853,0.0006506669999453152
aws:us-east-1,gcp:europe-west1,4,2.0,500.0,82.62,23.31988494234924,82.62,82.62,82.62,0.9442658340001344,0.9302197500001057,0.0007454999999936263,0.0006344590001390316
aws:us-east-1,gcp:europe-west1,4,2.0,1000.0,82.62,32.0,82.62,82.62,82.62,0.9500621669999418,0.9130522090001705,0.0008018749999791908,0.0006493749999663123
aws:us-east-1,gcp:europe-west1,4,3.0,100.0,123.66000000000001,3.233898389463608,123.66000000000001,123.66000000000001,123.66000000000001,0.9169273330001033,0.9139304999998785,0.0006972910000513366,0.0006324169999061269
aws:us-east-1,gcp:europe-west1,4,3.0,200.0,123.66000000000001,8.67863008314723,123.66000000000001,123.66000000000001,123.66000000000001,0.9588662500000282,0.9870999999998276,0.0007065409999995609,0.0006460839999817836
aws:us-east-1,gcp:europe-west1,4,3.0,300.0,123.66000000000001,14.123361776830851,123.66000000000001,123.66000000000001,123.66000000000001,0.9573856669999259,0.983466916999987,0.0007197079999059497,0.0006512079999083653
aws:us-east-1,gcp:europe-west1,4,3.0,500.0,123.66000000000001,25.012825164198095,123.66000000000001,123.66000000000001,123.66000000000001,0.9284421669999574,0.94910700000014,0.000728832999811857,0.0006318749999536521
aws:us-east-1,gcp:europe-west1,4,3.0,1000.0,123.66000000000001,32.0,123.66000000000001,123.66000000000001,123.66000000000001,0.9227080420000675,0.9379405829999996,0.0007928329998776462,0.0006539589999192685
aws:us-east-1,gcp:europe-west1,4,5.0,100.0,213.336,2.73512669434367,213.336,213.336,213.336,0.9118254170000455,0.9001537920000828,0.000728916999833018,0.0006435410000449338
aws:us-east-1,gcp:europe-west1,4,5.0,200.0,213.336,7.747270169409312,213.336,213.336,236.12400000000002,0.9642116659999829,0.9298692090001168,0.0007175840000854805,0.0006455840000398894
aws:us-east-1,gcp:europe-west1,4,5.0,300.0,213.336,12.75941364447495,213.336,213.336,236.12400000000002,0.9169817910001257,0.8980206660000931,0.0006987920000938175,0.0006107500000780419
aws:us-east-1,gcp:europe-west1,4,5.0,500.0,213.336,22.78370059460623,213.336,213.336,236.12400000000002,0.9103604580000138,0.9346310000000813,0.0007446249999247812,0.0006404589998965093
aws:us-east-1,gcp:europe-west1,4,5.0,1000.0,213.336,32.0,213.336,213.336,236.12400000000002,0.974237624999887,0.9424423330001446,0.0008024999999634019,0.0006489170000349986
aws:us-east-1,gcp:europe-west1,4,8.0,100.0,361.836,2.8199300586039087,361.83600000000007,361.836,361.836,0.9283446659999299,1.038650166000025,0.0006877910000184784,0.0006369160000758711
aws:us-east-1,gcp:europe-west1,4,8.0,200.0,361.836,7.987476436840208,361.83600000000007,361.836,466.164,0.9430088330000217,0.9242759999999635,0.000713792000169633,0.0006450830001085706
aws:us-east-1,gcp:europe-west1,4,8.0,300.0,361.836,13.155022815076503,361.8360000000001,361.836,466.164,0.9137482909998198,0.9065777920000073,0.0007107080000423593,0.0006445000001349399
aws:us-east-1,gcp:europe-west1,4,8.0,500.0,361.836,23.4901155715491,361.836,361.836,466.164,0.9734404999999242,0.9196271250000336,0.0007654579999325506,0.0006406250001873559
aws:us-east-1,gcp:europe-west1,4,8.0,1000.0,361.836,32.0,361.83600000000007,361.836,466.164,0.9258821250000437,0.9027360410000256,0.0007598749998578569,0.0006470840000929456
aws:us-east-1,gcp:europe-west1,4,10.0,100.0,461.376,2.8493786512630237,461.376,461.376,461.376,0.8980478749999747,0.932809749999933,0.0007012920000306622,0.0006416250000711443
aws:us-east-1,gcp:europe-west1,4,10.0,200.0,461.376,8.070889831879956,461.376,461.376,619.164,0.9030314169999656,0.8817662910000763,0.0006980000000567088,0.0006379590001870383
aws:us-east-1,gcp:europe-west1,4,10.0,300.0,461.376,13.292401012496889,461.376,461.376,619.164,0.8858531670000502,0.8980956670000069,0.0007110419999207807,0.0006367920000229788
aws:us-east-1,gcp:europe-west1,4,10.0,500.0,461.376,23.735423373730754,461.376,461.376,619.164,0.9096023749998494,0.9047210419998919,0.0007802080001511058,0.0006525409999085241
aws:us-east-1,gcp:europe-west1,4,10.0,1000.0,461.376,32.0,461.3760000000001,461.376,619.164,0.9141320829999131,0.8953777500000797,0.000775792000013098,0.000643333000198254
aws:us-east-1,gcp:europe-west1,4,12.0,100.0,583.0560000000002,2.753538566284835,583.0560000000002,583.056,583.056,0.9226119170000402,0.8994483339999988,0.0007060410000576667,0.000649832999897626
aws:us-east-1,gcp:europe-west1,4,12.0,200.0,562.0319999999999,2.1924099043970173,562.0319999999999,583.056,583.056,0.9088266250000743,0.936601582999856,0.0007479159999093099,0.0006414590000076714
aws:us-east-1,gcp:europe-west1,4,12.0,300.0,562.0319999999999,4.390204405321223,562.0319999999999,583.056,772.7040000000001,0.9136716670000169,0.8903582499999629,0.0008604170000126032,0.0006942919999346486
aws:us-east-1,gcp:europe-west1,4,12.0,500.0,562.0319999999999,8.78579340716956,562.0319999999999,583.056,772.7040000000001,0.9313604159999613,0.8874478330001239,0.0007407079999666166,0.0006424580001294089
aws:us-east-1,gcp:europe-west1,4,12.0,1000.0,562.0319999999999,19.774765911790464,562.0319999999999,583.056,772.7040000000001,0.9610944579999341,0.8994122090000474,0.0007921250000890723,0.0006495420000192098
aws:us-east-1,gcp:europe-west1,4,15.0,100.0,813.0960000000001,2.774690887347486,813.0960000000001,813.0960000000001,813.0960000000001,0.9064692080000896,0.9183731250000164,0.0007130000001325243,0.0006513749999612628
aws:us-east-1,gcp:europe-west1,4,15.0,200.0,736.1640000000001,2.1988534083024938,736.1640000000001,813.0960000000001,813.0960000000001,0.9698797499997909,0.9961814999999206,0.0007409590000406752,0.0006656249997831765
aws:us-east-1,gcp:europe-west1,4,15.0,300.0,736.1640000000001,4.40310723848884,736.1640000000001,813.0960000000001,1002.744,0.925983750000114,0.938582125000039,0.0007196660001227428,0.0006542919998082652
aws:us-east-1,gcp:europe-west1,4,15.0,500.0,736.1640000000001,8.811614898861531,736.1640000000001,813.0960000000001,1002.744,0.9129837919999773,0.9194827090000217,0.000771917000065514,0.0006580829999620619
aws:us-east-1,gcp:europe-west1,4,15.0,1000.0,736.1640000000001,19.832884049793265,736.1640000000001,813.0960000000001,1002.744,0.926264625000158,0.8946519580001677,0.0007945419999941805,0.0006506249999347347
gcp:us-east1,aws:sa-east-1,1,1.0,100.0,55.08,1.8364773570899189,55.08,55.08,55.08,0.9144389170000977,0.8959433329998774,0.0006885410000450065,0.0006355410000651318
gcp:us-east1,aws:sa-east-1,1,1.0,200.0,55.08,6.926492204899866,55.08,55.08,55.08,0.8974331660001553,0.9110338330001468,0.0007661670001652965,0.0006339159999697586
gcp:us-east1,aws:sa-east-1,1,1.0,300.0,55.08,12.016507052709812,55.08,55.08,55.08,0.9230203340000571,0.8983538329998737,0.000724041000012221,0.0006373329999860289
gcp:us-east1,aws:sa-east-1,1,1.0,500.0,55.08,22.19653674832971,55.08,55.08,55.08,0.9273350000000846,0.8995334999999614,0.000748208999993949,0.0006385839999438758
gcp:us-east1,aws:sa-east-1,1,1.0,1000.0,55.08,32.0,55.08,55.08,55.08,0.9259766249999757,0.9279370419999395,0.0007986249997884443,0.000646292000055837
gcp:us-east1,aws:sa-east-1,1,2.0,100.0,109.08,2.305975297133646,109.08,109.08,109.08,0.8965654170001471,0.8938662079999631,0.0007500000001527951,0.0006491670001196326
gcp:us-east1,aws:sa-east-1,1,2.0,200.0,109.08,8.69725938009799,109.08,109.08,109.08,0.8845545829999537,0.9167911660001664,0.0007171249999373686,0.0006392499999492429
gcp:us-east1,aws:sa-east-1,1,2.0,300.0,109.08,15.088543463062333,109.08,109.08,109.08,0.9148009580001144,0.8893697500000144,0.0007209580001017457,0.000638333000097191
gcp:us-east1,aws:sa-east-1,1,2.0,500.0,109.08,27.871111628991024,109.08,109.08,109.08,0.8932130000000598,0.9118774589999248,0.0007833749998553685,0.0006408330000340356
gcp:us-east1,aws:sa-east-1,1,2.0,1000.0,109.08,32.0,109.08,109.08,109.08,0.9018297909999546,0.9113612500000272,0.0007838750000246364,0.0006393749999915599
gcp:us-east1,aws:sa-east-1,1,3.0,100.0,170.874,1.5631929843282357,170.874,214.398,214.398,0.8937929589999385,0.8880542919998788,0.0007147080000322603,0.0006391670001448801
gcp:us-east1,aws:sa-east-1,1,3.0,200.0,169.5771,2.221323945253797,169.5771,214.398,214.398,0.9166951249999329,0.894281625000076,0.0006880839998757438,0.0006435419998069847
gcp:us-east1,aws:sa-east-1,1,3.0,300.0,169.5771,4.968787081003505,169.5771,214.398,214.398,0.9126890000000003,0.8936857919998147,0.0007257499999013817,0.0006662079999841808
gcp:us-east1,aws:sa-east-1,1,3.0,500.0,169.5771,10.463713352502914,169.5771,214.398,214.398,0.9265382919998046,0.9060648329998457,0.0007488339999781601,0.0006493329999557318
gcp:us-east1,aws:sa-east-1,1,3.0,1000.0,169.5771,24.201029031251444,169.5771,214.398,214.398,0.9167582499999298,0.9040225829999144,0.0007868749999033753,0.0006531670001095335
gcp:us-east1,aws:sa-east-1,1,5.0,100.0,362.92859999999996,1.1511059627213562,362.92859999999996,436.9716,436.9716,0.9397827909999705,0.9103198329999032,0.0007068749998779822,0.0007152919999953156
gcp:us-east1,aws:sa-east-1,1,5.0,200.0,297.79407,1.6220261181408944,297.79407,436.9716,436.9716,0.9006270830000176,0.8933918339998854,0.0007094589998359879,0.000642083000002458
gcp:us-east1,aws:sa-east-1,1,5.0,300.0,297.7317,1.0490302395327107,297.7317,436.9716,436.9716,0.8916017920000741,0.9118391249999149,0.0007484169998406287,0.0006959580000511778
gcp:us-east1,aws:sa-east-1,1,5.0,500.0,297.7317,2.3710178763843555,297.73169999999993,436.9716,436.9716,0.9479684159998669,0.8992439589999321,0.0007693750001180888,0.0006829170001765306
gcp:us-east1,aws:sa-east-1,1,5.0,1000.0,297.73169999999993,5.675986968513474,297.73169999999993,436.9716,436.9716,1.0533532499998728,0.9201617500000339,0.0007828330001302675,0.0006845419998171565
gcp:us-east1,aws:sa-east-1,1,8.0,100.0,,,,,,0.8892400419999831,0.9302751249999801,0.0007375000000138243,0.0
gcp:us-east1,aws:sa-east-1,1,8.0,200.0,,,,,,0.928579333000016,0.9307577499998843,0.000835999999935666,0.0
gcp:us-east1,aws:sa-east-1,1,8.0,300.0,,,,,,0.9188688340000226,0.898357457999964,0.0010714589998315205,0.0
gcp:us-east1,aws:sa-east-1,1,8.0,500.0,,,,,,0.8930407079999441,0.9158850000001166,0.0012853749999521824,0.0
gcp:us-east1,aws:sa-east-1,1,8.0,1000.0,,,,,,0.9730272500000865,0.8974654169999212,0.0018169579998357221,0.0
gcp:us-east1,aws:sa-east-1,1,10.0,100.0,,,,,,0.8865089999999327,0.9109771669998281,0.0007180000000062137,0.0
gcp:us-east1,aws:sa-east-1,1,10.0,200.0,,,,,,1.91439937500013,2.2772566670000742,0.002363000000059401,0.0
gcp:us-east1,aws:sa-east-1,1,10.0,300.0,,,,,,2.5437157500000467,1.1336550829998941,0.001212874999964697,0.0
gcp:us-east1,aws:sa-east-1,1,10.0,500.0,,,,,,1.1555285419999564,1.0091005409999525,0.0013290419999520964,0.0
gcp:us-east1,aws:sa-east-1,1,10.0,1000.0,,,,,,0.986747959000013,1.1258796669999356,0.0018043749998923886,0.0
gcp:us-east1,aws:sa-east-1,1,12.0,100.0,,,,,,0.9405937080000513,1.0019113329999527,0.0008724580000034621,0.0
gcp:us-east1,aws:sa-east-1,1,12.0,200.0,,,,,,0.9706654589999744,0.9503345420000642,0.0008477080000375281,0.0
gcp:us-east1,aws:sa-east-1,1,12.0,300.0,,,,,,0.8767512499998702,0.8900685000000976,0.0010604159999729745,0.0
gcp:us-east1,aws:sa-east-1,1,12.0,500.0,,,,,,0.8759545000000344,0.8685493339999084,0.0013335419998838915,0.0
gcp:us-east1,aws:sa-east-1,1,12.0,1000.0,,,,,,0.8526540000000296,0.8855062919999455,0.0017844999999852007,0.0
gcp:us-east1,aws:sa-east-1,1,15.0,100.0,,,,,,0.8908676670000659,0.8679423749999842,0.000674916999969355,0.0
gcp:us-east1,aws:sa-east-1,1,15.0,200.0,,,,,,0.8587907919998088,0.863473582999859,0.0008733329998449335,0.0
gcp:us-east1,aws:sa-east-1,1,15.0,300.0,,,,,,0.8765791659998285,0.8717110830000365,0.0010601659998883406,0.0
gcp:us-east1,aws:sa-east-1,1,15.0,500.0,,,,,,0.8624709579999035,0.8513274160000037,0.0012282919999506703,0.0
gcp:us-east1,aws:sa-east-1,1,15.0,1000.0,,,,,,0.8881707919999826,0.870151708999856,0.0017176250000829896,0.0
gcp:us-east1,aws:sa-east-1,2,1.0,100.0,55.08,1.8364773570899189,55.08,55.08,55.08,0.8620125830000234,0.8566192499999943,0.0006646250001267617,0.0006150000001525768
gcp:us-east1,aws:sa-east-1,2,1.0,200.0,55.08,6.926492204899866,55.08,55.08,55.08,0.8977706670000316,0.8647498749999158,0.0006930419999662263,0.000632166000059442
gcp:us-east1,aws:sa-east-1,2,1.0,300.0,55.08,12.016507052709812,55.08,55.08,55.08,0.8683078330000171,0.8727567079999972,0.0007071249999626161,0.0006350420001126622
gcp:us-east1,aws:sa-east-1,2,1.0,500.0,55.08,22.19653674832971,55.08,55.08,55.08,0.8589254579999306,0.8905999999999494,0.0007322910000766569,0.0006361669998113939
gcp:us-east1,aws:sa-east-1,2,1.0,1000.0,55.08,32.0,55.08,55.08,55.08,0.8849804160001895,0.8601627499999722,0.0007691250000334549,0.0006637909998516989
gcp:us-east1,aws:sa-east-1,2,2.0,100.0,109.08,2.305975297133646,109.08,109.08,109.08,0.8564186670000709,0.887967333000006,0.0007162090000747412,0.0006395830000656133
gcp:us-east1,aws:sa-east-1,2,2.0,200.0,109.08,8.69725938009799,109.08,109.08,109.08,0.870278374999998,0.8711401250000108,0.0007029999999303982,0.000706374999936088
gcp:us-east1,aws:sa-east-1,2,2.0,300.0,109.08,15.088543463062333,109.08,109.08,109.08,0.863560624999991,0.8877078749999328,0.0007343750000927685,0.0006457080000927817
gcp:us-east1,aws:sa-east-1,2,2.0,500.0,109.08,27.871111628991024,109.08,109.08,109.08,0.8845453750000161,0.8711595409999973,0.0008249160000559641,0.000623375000031956
gcp:us-east1,aws:sa-east-1,2,2.0,1000.0,109.08,32.0,109.08,109.08,109.08,0.8880975829999898,0.8569259579999198,0.0007403330000670394,0.0006171669999730511
gcp:us-east1,aws:sa-east-1,2,3.0,100.0,163.62,2.520789741847949,163.62,163.62,163.62,0.875700125000094,0.8576991249999537,0.000673750000032669,0.0006332499999643915
gcp:us-east1,aws:sa-east-1,2,3.0,200.0,163.62,9.507457540760992,163.62,163.62,163.62,0.8674290410001504,0.8648279159999674,0.0007997079999313428,0.0006237079999209527
gcp:us-east1,aws:sa-east-1,2,3.0,300.0,163.62,16.494125339674035,163.62,163.62,163.62,0.8897460000000592,0.8666554579999683,0.0007310000000870787,0.0006340840000120807
gcp:us-east1,aws:sa-east-1,2,3.0,500.0,163.62,30.46746093750012,163.62,163.62,163.62,0.8852052910001476,0.8608877500000744,0.0007113330000265705,0.0006161670000892627
gcp:us-east1,aws:sa-east-1,2,3.0,1000.0,163.62,32.0,163.62,163.62,163.62,0.9044528330000503,0.8885224170001038,0.0007467499999620486,0.0006188339998516312
gcp:us-east1,aws:sa-east-1,2,5.0,100.0,277.66799999999995,1.6430419422477165,277.668,310.716,310.716,0.874276792000046,0.8838439579999431,0.0006541249999827414,0.0006008339998970769
gcp:us-east1,aws:sa-east-1,2,5.0,200.0,275.454,2.288388071842345,275.454,310.716,310.716,0.8606075000000146,0.8898610840001311,0.0006962499999190186,0.00064616700001352
gcp:us-east1,aws:sa-east-1,2,5.0,300.0,275.454,5.118800034541387,275.454,310.716,310.716,0.8733174170001803,0.8722359170001255,0.0007070409999414551,0.0006311669999377045
gcp:us-east1,aws:sa-east-1,2,5.0,500.0,275.454,10.779623959939478,275.454,310.716,310.716,0.8816469999999299,0.8869530419999592,0.0007488749999993161,0.0006477499998709391
gcp:us-east1,aws:sa-east-1,2,5.0,1000.0,275.454,24.931683773434706,275.454,310.716,310.716,0.8974245840001913,0.8752317920000223,0.0007560839999314339,0.0006359589999647142
gcp:us-east1,aws:sa-east-1,2,8.0,100.0,496.629,1.1757699406618443,496.6289999999999,661.716,661.716,0.8714263329998175,0.9120450420000452,0.000687582999944425,0.0006411249999018764
gcp:us-east1,aws:sa-east-1,2,8.0,200.0,465.1541999999999,2.3279219404939653,465.1541999999999,661.716,661.716,0.9197357919999831,1.0972994579999522,0.0006673339998997108,0.0006061669998871366
gcp:us-east1,aws:sa-east-1,2,8.0,300.0,465.1541999999999,5.20723169991734,465.1541999999999,661.716,661.716,0.8810322919998725,0.8631344589998662,0.0007202909998795803,0.0006464589998813608
gcp:us-east1,aws:sa-east-1,2,8.0,500.0,465.1541999999999,10.965851218764087,465.1541999999999,661.716,661.716,0.8975723749999815,0.8699125840000761,0.0007227090000014869,0.0006257089999053278
gcp:us-east1,aws:sa-east-1,2,8.0,1000.0,465.1541999999999,25.362400015880958,465.1541999999999,661.716,661.716,0.8892814999999246,0.8585432080001283,0.0007278329999280686,0.0006066660000669799
gcp:us-east1,aws:sa-east-1,2,10.0,100.0,724.7772,1.184227826654098,724.7772,872.3232,872.3232,0.8946072920000461,0.8643654169998172,0.0007089170001108869,0.0006914580001193826
gcp:us-east1,aws:sa-east-1,2,10.0,200.0,594.5081400000001,1.6563352445132793,594.50814,872.3232,872.3232,0.8801597089998268,0.8524767910000719,0.0007190419999005826,0.0006599999999252759
gcp:us-east1,aws:sa-east-1,2,10.0,300.0,594.3834,1.054606948925585,594.3834,872.3232,872.3232,0.9081186670000534,0.8611992920000375,0.0007287089999863383,0.0006801250001444714
gcp:us-east1,aws:sa-east-1,2,10.0,500.0,594.3834,2.383622353513391,594.3834,872.3232,872.3232,0.8780827919999865,0.8740710409999792,0.0007182500000908476,0.0006628339999679156
gcp:us-east1,aws:sa-east-1,2,10.0,1000.0,594.3834,5.706160864983051,594.3834,872.3232,872.3232,0.8821622089999437,0.8946146659998249,0.0008147920000283193,0.0006949169999188598
gcp:us-east1,aws:sa-east-1,2,12.0,100.0,959.3172000000001,1.1899343449560504,959.3172000000001,999.4031999999999,999.4031999999999,0.8828748329999598,0.8603014159998565,0.0006849169999441074,0.0006272079999689595
gcp:us-east1,aws:sa-east-1,2,12.0,200.0,784.04814,1.3048843367914564,784.04814,999.4031999999999,999.4031999999999,0.8654415839998819,0.8808336669999335,0.0007149580001168943,0.0006603330000416463
gcp:us-east1,aws:sa-east-1,2,12.0,300.0,783.861975,1.0555421701284438,783.861975,999.4031999999999,999.4031999999999,0.9160574580000684,0.9039816249999149,0.0007381249999980355,0.0006914160001088021
gcp:us-east1,aws:sa-east-1,2,12.0,500.0,783.861975,2.3857361402345347,783.861975,999.4031999999999,999.4031999999999,0.9300309999998717,0.8835282909999478,0.0008094590000382595,0.000675708000017039
gcp:us-east1,aws:sa-east-1,2,12.0,1000.0,783.861975,5.711221065499757,783.861975,999.4031999999999,999.4031999999999,0.9441546250000101,0.8785036249998939,0.0008024169999316655,0.0006895839999288
gcp:us-east1,aws:sa-east-1,2,15.0,100.0,,,,,,0.8629711660000794,0.8584479159999319,0.0007184159999269468,0.0
gcp:us-east1,aws:sa-east-1,2,15.0,200.0,,,,,,0.8856182499998795,0.8622108330000628,0.0008863339999152231,0.0
gcp:us-east1,aws:sa-east-1,2,15.0,300.0,,,,,,0.8615072920001694,0.8512074999998731,0.0010164170000734885,0.0
gcp:us-east1,aws:sa-east-1,2,15.0,500.0,,,,,,0.8801915829999416,0.8667228330000398,0.0013402090000909084,0.0
gcp:us-east1,aws:sa-east-1,2,15.0,1000.0,,,,,,0.8721372499999234,0.8565215420001095,0.0018177910001213604,0.0
gcp:us-east1,aws:sa-east-1,4,1.0,100.0,55.08,1.8364773570899189,55.08,55.08,55.08,0.8784057499999562,0.8674699579999015,0.0006594999999833817,0.0006168749998778367
gcp:us-east1,aws:sa-east-1,4,1.0,200.0,55.08,6.926492204899866,55.08,55.08,55.08,0.8653477079999448,0.8717709579998427,0.000722333000112485,0.0006381250000231375
gcp:us-east1,aws:sa-east-1,4,1.0,300.0,55.08,12.016507052709812,55.08,55.08,55.08,0.8588045420001436,0.8807098330000827,0.0007440840001891047,0.0006392079999386624
gcp:us-east1,aws:sa-east-1,4,1.0,500.0,55.08,22.19653674832971,55.08,55.08,55.08,0.8770560000000387,0.8644316669999625,0.0007465000001047883,0.000635208999938186
gcp:us-east1,aws:sa-east-1,4,1.0,1000.0,55.08,32.0,55.08,55.08,55.08,0.8730188329998327,0.8821987080000326,0.0007721249999121937,0.0006419169999389851
gcp:us-east1,aws:sa-east-1,4,2.0,100.0,109.08,2.305975297133646,109.08,109.08,109.08,0.8718421660000786,0.878108832999942,0.0006639590001213946,0.0006048339998869778
gcp:us-east1,aws:sa-east-1,4,2.0,200.0,109.08,8.69725938009799,109.08,109.08,109.08,0.8565192080000088,0.8880377079999562,0.0006677090000266617,0.0005988749999232823
gcp:us-east1,aws:sa-east-1,4,2.0,300.0,109.08,15.088543463062333,109.08,109.08,109.08,0.8795640830001048,0.869928709000078,0.0006850419999864243,0.0006159160000152042
gcp:us-east1,aws:sa-east-1,4,2.0,500.0,109.08,27.871111628991024,109.08,109.08,109.08,0.8611379999999826,0.8643759579999823,0.0007382500000403525,0.0006341660000543925
gcp:us-east1,aws:sa-east-1,4,2.0,1000.0,109.08,32.0,109.08,109.08,109.08,0.8955604589998529,0.8824150420000478,0.0007544590000634344,0.0006285409999691183
gcp:us-east1,aws:sa-east-1,4,3.0,100.0,163.62,2.520789741847949,163.62,163.62,163.62,0.8627247499998703,0.8528895829999783,0.0006840420001026359,0.0006370420001076127
gcp:us-east1,aws:sa-east-1,4,3.0,200.0,163.62,9.507457540760992,163.62,163.62,163.62,0.8869736669998929,0.8613494169999285,0.0006772910001018317,0.0006169999999201536
gcp:us-east1,aws:sa-east-1,4,3.0,300.0,163.62,16.494125339674035,163.62,163.62,163.62,0.8778740420000304,0.8581331250002222,0.0007084999999733554,0.0006342090000543976
gcp:us-east1,aws:sa-east-1,4,3.0,500.0,163.62,30.46746093750012,163.62,163.62,163.62,0.8991571250001016,0.8755550420000873,0.0007377499998710846,0.0006415829998331901
gcp:us-east1,aws:sa-east-1,4,3.0,1000.0,163.62,32.0,163.62,163.62,163.62,0.8968429170001855,0.9825917079999726,0.000760749999926702,0.0006362919998537109
gcp:us-east1,aws:sa-east-1,4,5.0,100.0,272.16,2.7237778022463317,272.16,272.16,272.16,0.868493375000071,0.8900957079999898,0.0006506669999453152,0.0005977079999865964
gcp:us-east1,aws:sa-east-1,4,5.0,200.0,272.16,10.2730510900684,272.16,272.16,272.16,0.8747219589999986,0.8611684170000444,0.0006895000001350127,0.0006340420000015001
gcp:us-east1,aws:sa-east-1,4,5.0,300.0,272.16,17.822324377890464,272.16,272.16,272.16,0.8750949170000695,0.8900470409998888,0.0007265419999384903,0.0006383750001077715
gcp:us-east1,aws:sa-east-1,4,5.0,500.0,272.16,32.0,272.16,272.16,272.16,0.8869578329999968,0.8659615419999227,0.0007247080000070127,0.0006161660000998381
gcp:us-east1,aws:sa-east-1,4,5.0,1000.0,272.16,32.0,272.16,272.16,272.16,0.8768968749998294,0.8928640419999283,0.0007534579999628477,0.0006218749999788997
gcp:us-east1,aws:sa-east-1,4,8.0,100.0,434.7,2.853006559504209,434.7,434.7,434.7,0.8648346669999682,0.8576801669998986,0.000696708000077706,0.0006375409998327086
gcp:us-east1,aws:sa-east-1,4,8.0,200.0,434.7,10.760452677863615,434.7,434.7,434.7,0.8720406249999542,0.8659680000000662,0.0006771250000383588,0.0006208340000739554
gcp:us-east1,aws:sa-east-1,4,8.0,300.0,434.7,18.667898796223014,434.7,434.7,434.7,0.8911224170001333,0.8713168749998204,0.0007320830000026035,0.0006342919998587604
gcp:us-east1,aws:sa-east-1,4,8.0,500.0,434.7,32.0,434.7,434.7,434.7,0.882732457999964,0.8589363749999848,0.0007391250001091976,0.0006347080000068672
gcp:us-east1,aws:sa-east-1,4,8.0,1000.0,434.7,32.0,434.7,434.7,434.7,0.9075230829998873,0.8823321250001754,0.0007712500000707223,0.0006448750000345171
gcp:us-east1,aws:sa-east-1,4,10.0,100.0,554.2559999999999,1.7084952649754717,554.2559999999999,620.352,620.352,0.8725955419999991,0.8544325000000299,0.0006869999999707943,0.0006392079999386624
gcp:us-east1,aws:sa-east-1,4,10.0,200.0,549.8280000000001,2.341405202192842,549.8280000000001,620.352,620.352,0.8883521669999936,0.873157540999955,0.0006821670001500024,0.0006260420000216982
gcp:us-east1,aws:sa-east-1,4,10.0,300.0,549.8280000000001,5.23739184683437,549.8280000000001,620.352,620.352,0.8751082919998225,0.8663601670000389,0.0007564999998521671,0.0006551659998876858
gcp:us-east1,aws:sa-east-1,4,10.0,500.0,549.8280000000001,11.02936513611742,549.8280000000001,620.352,620.352,0.8690201250001337,0.8815907499999867,0.0007339999999658176,0.0006477089998497831
gcp:us-east1,aws:sa-east-1,4,10.0,1000.0,549.8280000000001,25.50929835932505,549.8280000000001,620.352,620.352,0.8798086669999066,0.8691669160000401,0.0007430000000567816,0.0006275420000747545
gcp:us-east1,aws:sa-east-1,4,12.0,100.0,681.876,1.7199145435289829,681.8760000000002,854.8919999999999,854.8919999999999,0.8580480410000746,0.8900894579999203,0.0006764580000435672,0.0006168330000946298
gcp:us-east1,aws:sa-east-1,4,12.0,200.0,676.1483999999999,2.3504811515573643,676.1484,854.8919999999999,854.8919999999999,0.8781532499999685,0.8675059170000168,0.0006899580000663263,0.000623459000053117
gcp:us-east1,aws:sa-east-1,4,12.0,300.0,676.1484,5.257693460224274,676.1484,854.8919999999999,854.8919999999999,0.868718250000029,0.8812880420000511,0.0007398340001145698,0.0006450409998706164
gcp:us-east1,aws:sa-east-1,4,12.0,500.0,676.1483999999999,11.072118077558091,676.1484,854.8919999999999,854.8919999999999,0.8836535420000473,0.8967277080000713,0.0007239579999804846,0.0006263340001169126
gcp:us-east1,aws:sa-east-1,4,12.0,1000.0,676.1484,25.608179620892635,676.1484,854.8919999999999,854.8919999999999,0.8815322079999532,0.8635635829998591,0.0007794159998866235,0.0006486249999397842
gcp:us-east1,aws:sa-east-1,4,15.0,100.0,899.0279999999999,1.1956961263252026,899.0279999999999,1206.432,1206.432,0.893266709000045,0.8689500840000619,0.0006986670000515005,0.000653000000056636
gcp:us-east1,aws:sa-east-1,4,15.0,200.0,866.2283999999999,2.359627736623743,866.2283999999999,1206.432,1206.432,0.8621166249999987,0.8603886660000626,0.0007016250001470326,0.0006475419997968856
gcp:us-east1,aws:sa-east-1,4,15.0,300.0,866.2283999999999,5.278153075675785,866.2283999999999,1206.432,1206.432,0.8928146669998114,0.8636167499998919,0.0007120830000530987,0.000646082999992359
gcp:us-east1,aws:sa-east-1,4,15.0,500.0,866.2283999999999,11.115203753779863,866.2283999999999,1206.432,1206.432,0.8859251669998685,0.8547806249998757,0.0007704170000124577,0.0006587499999568536
gcp:us-east1,aws:sa-east-1,4,15.0,1000.0,866.2283999999999,25.707830449040063,866.2283999999999,1206.432,1206.432,0.9011765840000407,0.863662333000093,0.0007330409998758114,0.0006101249998664571
aws:eu-west-1,gcp:asia-southeast1,1,1.0,100.0,,,,,,0.8623094170000059,0.8567374589999872,0.000645957999950042,0.0
aws:eu-west-1,gcp:asia-southeast1,1,1.0,200.0,62.90099999999999,1.043146234343041,62.901,112.12650000000001,112.12650000000001,0.859089916999892,0.8919858329998078,0.0007179579999956331,0.0006663330000264978
aws:eu-west-1,gcp:asia-southeast1,1,1.0,300.0,55.89000000000001,2.020599856836146,55.89000000000001,112.12650000000001,112.12650000000001,0.8779238329998407,0.8655975829999534,0.0006795410001814162,0.0006207500000527943
aws:eu-west-1,gcp:asia-southeast1,1,1.0,500.0,54.756,1.0714270560335493,54.756,112.12650000000001,112.12650000000001,0.8640467919999537,0.8921735419999095,0.000733166999907553,0.0006761669999377773
aws:eu-west-1,gcp:asia-southeast1,1,1.0,1000.0,54.756,2.641812762621214,54.756,112.12650000000001,112.12650000000001,0.8743800839999949,0.8648405420001382,0.0007436660000621487,0.0006541250002101151
aws:eu-west-1,gcp:asia-southeast1,1,2.0,100.0,,,,,,0.8646387500000401,0.8855612499999097,0.0006573329999355337,0.0
aws:eu-west-1,gcp:asia-southeast1,1,2.0,200.0,120.861,1.0286894763737315,120.861,220.21964999999994,220.21964999999994,0.8761103340000318,0.8617996670000139,0.0007279999999809661,0.0006872910000765842
aws:eu-west-1,gcp:asia-southeast1,1,2.0,300.0,116.75699999999999,2.1361406142721266,116.75699999999999,220.21964999999994,193.17014999999998,0.8844801669999924,0.8642059589999462,0.0007584999998471176,0.0006739169998581929
aws:eu-west-1,gcp:asia-southeast1,1,2.0,500.0,114.04800000000002,1.0850587419468418,114.048,220.21964999999994,220.21964999999994,0.8950894159997915,0.9347132919999694,0.0008238749999236461,0.0007461249999778374
aws:eu-west-1,gcp:asia-southeast1,1,2.0,1000.0,114.04800000000002,2.6754243478607123,114.048,220.21964999999994,205.26479999999998,0.8860279999998966,0.8656422090000433,0.0008099159999801486,0.0007095419998677244
aws:eu-west-1,gcp:asia-southeast1,1,3.0,100.0,,,,,,0.8871520420000252,0.864747707999868,0.0006547909999881085,0.0
aws:eu-west-1,gcp:asia-southeast1,1,3.0,200.0,193.86,1.0644153331105137,193.86,299.69730000000004,299.69730000000004,0.8749675419999221,0.8619042079999417,0.0007420420001835737,0.0006804590000228927
aws:eu-west-1,gcp:asia-southeast1,1,3.0,300.0,189.729,2.1767985618272263,189.72899999999998,299.69730000000004,278.45279999999997,0.8654174580001381,0.8496552920000795,0.0007607909999478579,0.0006620830001793365
aws:eu-west-1,gcp:asia-southeast1,1,3.0,500.0,186.17400000000004,1.0896800477318074,186.17399999999998,299.69730000000004,299.69730000000004,0.8541921670000647,0.8491905410000982,0.0007704580000336136,0.0007110829999419366
aws:eu-west-1,gcp:asia-southeast1,1,3.0,1000.0,186.17399999999998,2.6868190802729224,186.17399999999998,299.69730000000004,280.69245,0.8483346250000068,0.8751637919999666,0.0008148330000494752,0.0006997499999670254
aws:eu-west-1,gcp:asia-southeast1,1,5.0,100.0,,,,,,0.8370915420000529,0.8385574579999684,0.0007292499999493884,0.0
aws:eu-west-1,gcp:asia-southeast1,1,5.0,200.0,353.3265,1.094833743621006,353.32649999999995,494.40541500000006,492.22678500000006,0.83448199999998,0.8581874169999537,0.0007658329998321278,0.000709458000073937
aws:eu-west-1,gcp:asia-southeast1,1,5.0,300.0,349.27649999999994,2.2171431713218217,349.27649999999994,494.40541500000006,491.68678499999993,0.853598459000068,0.8475167920000786,0.0007707499999014544,0.0006916659999660624
aws:eu-west-1,gcp:asia-southeast1,1,5.0,500.0,344.93534999999997,1.0934055317920155,344.93534999999997,494.40541500000006,492.22678500000006,0.8606459170000562,0.8619161250001071,0.0008124999999381544,0.0007467089999408927
aws:eu-west-1,gcp:asia-southeast1,1,5.0,1000.0,344.93535,2.6960049891798974,344.93535,494.40541500000006,491.68678499999993,0.8744852500001343,0.8429221249998591,0.0008266250001724984,0.0007259159999648546
aws:eu-west-1,gcp:asia-southeast1,1,8.0,100.0,,,,,,0.8599814169999718,0.8527607080000053,0.000607666000178142,0.0
aws:eu-west-1,gcp:asia-southeast1,1,8.0,200.0,,,,,,0.878866250000101,0.8605812920000062,0.0007753330000923597,0.0
aws:eu-west-1,gcp:asia-southeast1,1,8.0,300.0,,,,,,0.8411721249999573,0.8535119999999097,0.0009145419999185833,0.0
aws:eu-west-1,gcp:asia-southeast1,1,8.0,500.0,,,,,,0.8873508330000277,0.850510125000028,0.001180500000145912,0.0
aws:eu-west-1,gcp:asia-southeast1,1,8.0,1000.0,,,,,,0.8453311670000403,0.8419964999998228,0.0015626250001332664,0.0
aws:eu-west-1,gcp:asia-southeast1,1,10.0,100.0,,,,,,0.8647104579999905,0.8840010419999089,0.0006480829999873094,0.0
aws:eu-west-1,gcp:asia-southeast1,1,10.0,200.0,,,,,,0.8645599999999831,0.8518887499999437,0.0007967080000526039,0.0
aws:eu-west-1,gcp:asia-southeast1,1,10.0,300.0,,,,,,0.8485615829999915,0.887396458000012,0.0009739590000208409,0.0
aws:eu-west-1,gcp:asia-southeast1,1,10.0,500.0,,,,,,0.8576459579999209,0.840642083000148,0.0011759169999550068,0.0
aws:eu-west-1,gcp:asia-southeast1,1,10.0,1000.0,,,,,,0.8322701250001501,0.8676040830000602,0.0015142499999001302,0.0
aws:eu-west-1,gcp:asia-southeast1,1,12.0,100.0,,,,,,0.8391124590000345,0.8334543329999633,0.0006240000000161672,0.0
aws:eu-west-1,gcp:asia-southeast1,1,12.0,200.0,,,,,,0.8316479160000654,0.8637809589999961,0.0007964999999785505,0.0
aws:eu-west-1,gcp:asia-southeast1,1,12.0,300.0,,,,,,0.8411922079999385,0.9609102080000866,0.0009518750000552245,0.0
aws:eu-west-1,gcp:asia-southeast1,1,12.0,500.0,,,,,,0.8790947079999114,0.9494015000000218,0.0011721249998117855,0.0
aws:eu-west-1,gcp:asia-southeast1,1,12.0,1000.0,,,,,,0.8733812079999552,0.8436386250000396,0.001597959000037008,0.0
aws:eu-west-1,gcp:asia-southeast1,1,15.0,100.0,,,,,,0.8525990000000547,0.8356814159999431,0.0006134170000677841,0.0
aws:eu-west-1,gcp:asia-southeast1,1,15.0,200.0,,,,,,0.8729064579999886,0.8624465420000433,0.0008260419999714941,0.0
aws:eu-west-1,gcp:asia-southeast1,1,15.0,300.0,,,,,,0.8443003749998752,0.8312775839999631,0.0009313749999364518,0.0
aws:eu-west-1,gcp:asia-southeast1,1,15.0,500.0,,,,,,0.8587734579998596,0.8509213749998707,0.0011649589998796728,0.0
aws:eu-west-1,gcp:asia-southeast1,1,15.0,1000.0,,,,,,0.8394174170000497,0.836076999999932,0.0015592920001381572,0.0
aws:eu-west-1,gcp:asia-southeast1,2,1.0,100.0,,,,,,0.8370705410000028,0.8692584170000828,0.0006270830001540162,0.0
aws:eu-west-1,gcp:asia-southeast1,2,1.0,200.0,58.014,1.043146234343041,58.014,73.593,73.593,0.8473794999999882,0.8444911659998979,0.000724041000012221,0.0006574169999566948
aws:eu-west-1,gcp:asia-southeast1,2,1.0,300.0,55.08,2.020599856836146,55.080000000000005,73.593,73.593,0.8430080000000544,0.8855375839998487,0.0007209999998849526,0.0006459999999606225
aws:eu-west-1,gcp:asia-southeast1,2,1.0,500.0,54.432,1.0714270560335528,54.432,73.593,73.593,0.8527852079998866,0.8934148750001896,0.0007339999999658176,0.0006762079999589332
aws:eu-west-1,gcp:asia-southeast1,2,1.0,1000.0,54.432,2.6418127626212176,54.432,73.593,73.593,0.8706982500000322,0.8753526670000156,0.0007806669998444704,0.0006759579998742993
aws:eu-west-1,gcp:asia-southeast1,2,2.0,100.0,,,,,,0.861331292000159,0.851596291000078,0.0006282500000907021,0.0
aws:eu-west-1,gcp:asia-southeast1,2,2.0,200.0,111.78,1.0286894763737315,111.78,222.633,222.633,0.8432060410000304,0.8485517499998423,0.0007033330000467686,0.0006412499999441934
aws:eu-west-1,gcp:asia-southeast1,2,2.0,300.0,110.16000000000001,2.1391163989088327,110.16,222.633,222.633,0.8850777919999473,0.8619786659999136,0.0007079169999997248,0.0006396659998699761
aws:eu-west-1,gcp:asia-southeast1,2,2.0,500.0,108.43199999999999,1.0850587419468418,108.43199999999999,222.633,222.633,0.8551951249999092,0.8405139579999741,0.0007486670001526363,0.0006771670000489394
aws:eu-west-1,gcp:asia-southeast1,2,2.0,1000.0,108.43199999999999,2.6754243478607123,108.43199999999999,222.633,222.633,0.8739304580001317,0.8500292499998068,0.0007685829998536065,0.0006776669999908336
aws:eu-west-1,gcp:asia-southeast1,2,3.0,100.0,,,,,,0.8772069579999879,0.8381776250000712,0.0006763750000118307,0.0
aws:eu-west-1,gcp:asia-southeast1,2,3.0,200.0,171.054,1.0644153331105137,171.054,360.45476999999994,360.45476999999994,0.8657489590000296,0.8339970829999857,0.0007020830000783462,0.0006555410000146367
aws:eu-west-1,gcp:asia-southeast1,2,3.0,300.0,166.19400000000005,2.181773071572188,166.19400000000005,360.45476999999994,311.64029999999997,0.8594148330000735,0.8431872910000493,0.000720166000064637,0.0006532919999244768
aws:eu-west-1,gcp:asia-southeast1,2,3.0,500.0,163.24200000000002,1.0896800477318074,163.24200000000002,360.45476999999994,360.45476999999994,0.8500373330000457,0.8658863750001728,0.0007347079999817652,0.0006896669999605365
aws:eu-west-1,gcp:asia-southeast1,2,3.0,1000.0,163.24200000000002,2.6868190802729224,163.24200000000002,360.45476999999994,322.32959999999997,0.8605129579998447,0.8420932089998132,0.0007817499999873689,0.0006862920001822204
aws:eu-west-1,gcp:asia-southeast1,2,5.0,100.0,,,,,,0.8236967919999643,0.8649353749999591,0.0006212089999735326,0.0
aws:eu-west-1,gcp:asia-southeast1,2,5.0,200.0,311.562,1.094833743621006,311.56199999999995,511.7346,511.7346,0.8482558750001772,0.8426908750000166,0.0007286249999651773,0.0006771670000489394
aws:eu-west-1,gcp:asia-southeast1,2,5.0,300.0,303.462,2.210456505151299,303.462,511.7346,469.2456,0.8471486250000453,0.8662075419999837,0.0007459580001523136,0.0006634999999732827
aws:eu-west-1,gcp:asia-southeast1,2,5.0,500.0,298.188,1.0934055317920155,298.188,511.7346,511.7346,0.8518657919998986,0.8545054999999593,0.0007800419998602592,0.0007168750000801083
aws:eu-west-1,gcp:asia-southeast1,2,5.0,1000.0,298.188,2.6960049891798974,298.188,511.7346,487.2249000000001,0.8684552499998972,0.8447686669999257,0.000813207999954102,0.0007408330000089336
aws:eu-west-1,gcp:asia-southeast1,2,8.0,100.0,,,,,,0.8588789579998775,0.8345517919999565,0.0006267080000270653,0.0
aws:eu-west-1,gcp:asia-southeast1,2,8.0,200.0,542.493,1.1127206012468562,542.493,768.5667000000001,765.6777,0.8581639579999774,0.8284636250000403,0.00074912500008395,0.0006993340000462922
aws:eu-west-1,gcp:asia-southeast1,2,8.0,300.0,534.0932999999999,1.5494750965743158,534.0932999999999,768.5667000000001,765.6777,0.9658839159999388,0.8741420830001516,0.0007701659999383992,0.0006951249999929132
aws:eu-west-1,gcp:asia-southeast1,2,8.0,500.0,525.5010000000001,1.0955123327560585,525.501,768.5667000000001,765.6777,0.8602127910000945,0.8341178329999366,0.0007852500000353757,0.0007317500001136068
aws:eu-west-1,gcp:asia-southeast1,2,8.0,1000.0,525.5010000000001,2.7011997186239327,525.501,768.5667000000001,722.0682000000002,0.9015508330001012,0.8434551669997745,0.0008094590000382595,0.0007452920001469465
aws:eu-west-1,gcp:asia-southeast1,2,10.0,100.0,,,,,,0.8364930410000397,0.8445622090000597,0.0006206670000210579,0.0
aws:eu-west-1,gcp:asia-southeast1,2,10.0,200.0,705.5729999999999,1.118813476835392,705.5729999999999,985.5708300000001,981.2135700000001,0.8487914579998233,0.8674777500000346,0.0007676249999803986,0.0007832090000192693
aws:eu-west-1,gcp:asia-southeast1,2,10.0,300.0,697.1030999999998,1.5526454008273198,697.1030999999999,985.5708300000001,981.2135700000001,0.9202923339998961,0.8511556250000467,0.0007702079999489797,0.000786750000088432
aws:eu-west-1,gcp:asia-southeast1,2,10.0,500.0,688.06215,1.0962164050975964,688.0621500000002,985.5708300000001,981.2135700000001,0.8729512919999252,0.8862992080000822,0.0007980000000316068,0.0007452919999195728
aws:eu-west-1,gcp:asia-southeast1,2,10.0,1000.0,688.06215,2.7029357465571557,688.06215,985.5708300000001,980.6735699999998,0.8917607079999925,0.8415430830000332,0.0008274580000033893,0.0008322080000198184
aws:eu-west-1,gcp:asia-southeast1,2,12.0,100.0,,,,,,0.8362055409997993,0.8599041659999784,0.0006258749999688007,0.0
aws:eu-west-1,gcp:asia-southeast1,2,12.0,200.0,,,,,,0.8604968329998428,0.8558159579999938,0.0007867080000778515,0.0
aws:eu-west-1,gcp:asia-southeast1,2,12.0,300.0,,,,,,0.8453722500000822,0.8313097919999564,0.0009464170000228478,0.0
aws:eu-west-1,gcp:asia-southeast1,2,12.0,500.0,,,,,,0.8615783329998976,0.8453006659999573,0.0011776669998653233,0.0
aws:eu-west-1,gcp:asia-southeast1,2,12.0,1000.0,,,,,,0.8509794159999728,0.8422909589999108,0.0015625409998847317,0.0
aws:eu-west-1,gcp:asia-southeast1,2,15.0,100.0,,,,,,0.8629277090001324,0.8302457499999036,0.0006296669998846482,0.0
aws:eu-west-1,gcp:asia-southeast1,2,15.0,200.0,,,,,,0.8361890830001357,0.8334105420001379,0.0008102910001070995,0.0
aws:eu-west-1,gcp:asia-southeast1,2,15.0,300.0,,,,,,0.8622949579998931,0.8459930420001456,0.0009462499999699503,0.0
aws:eu-west-1,gcp:asia-southeast1,2,15.0,500.0,,,,,,0.8433253749999494,0.9369322499999271,0.0012136249999912252,0.0
aws:eu-west-1,gcp:asia-southeast1,2,15.0,1000.0,,,,,,0.8505503750000116,0.8703321660000256,0.0015949999999520514,0.0
aws:eu-west-1,gcp:asia-southeast1,4,1.0,100.0,,,,,,0.8258717080000224,0.8577112080001825,0.0006197499999416323,0.0
aws:eu-west-1,gcp:asia-southeast1,4,1.0,200.0,57.24,1.043146234343041,57.24,65.7,65.7,0.8290927499999725,0.860268749999932,0.0006764170000224112,0.0006272910000006959
aws:eu-west-1,gcp:asia-southeast1,4,1.0,300.0,54.54,2.020599856836146,54.54,65.7,65.7,0.8500827090001621,0.8504284999999072,0.0006922079999185371,0.0006291249999321735
aws:eu-west-1,gcp:asia-southeast1,4,1.0,500.0,53.78399999999999,1.0714270560335528,53.78399999999999,65.7,65.7,0.8533846670000003,0.8628225830000247,0.0007227920000332233,0.0006663330000264978
aws:eu-west-1,gcp:asia-southeast1,4,1.0,1000.0,53.78399999999999,2.6418127626212176,53.78399999999999,65.7,65.7,0.8696694589998515,0.8446975000001657,0.0007778330000292044,0.00067458299986356
aws:eu-west-1,gcp:asia-southeast1,4,2.0,100.0,,,,,,0.8383617499998763,0.832247875000121,0.0006194169998252619,0.0
aws:eu-west-1,gcp:asia-southeast1,4,2.0,200.0,111.78,1.0286894763737324,111.78,145.026,145.026,0.8784689169999638,0.8580269999999928,0.0006890829999974812,0.0006349169998429716
aws:eu-west-1,gcp:asia-southeast1,4,2.0,300.0,109.08000000000001,2.1391163989088327,109.08000000000001,145.026,145.026,1.3353971659998933,1.1283821249999164,0.0007524999998622661,0.0007467079999514681
aws:eu-west-1,gcp:asia-southeast1,4,2.0,500.0,107.78399999999999,1.0850587419468418,107.784,145.026,145.026,0.9277231670000674,0.9025106249998771,0.0007433339999352029,0.0006844160000127886
aws:eu-west-1,gcp:asia-southeast1,4,2.0,1000.0,107.78399999999999,2.6754243478607123,107.784,145.026,145.026,0.9340665830000034,0.8775091249999605,0.000744124999982887,0.0006560419999459555
aws:eu-west-1,gcp:asia-southeast1,4,3.0,100.0,,,,,,0.8703929999999218,0.8410741249999774,0.000627124999937223,0.0
aws:eu-west-1,gcp:asia-southeast1,4,3.0,200.0,166.86,1.0644153331105155,166.86,294.06600000000003,294.06600000000003,0.8747530840000763,0.861158166999985,0.0006626670001423918,0.0006162090000998433
aws:eu-west-1,gcp:asia-southeast1,4,3.0,300.0,163.62,2.181773071572188,163.62,294.06600000000003,294.06600000000003,0.8555301250000866,0.8890452079999704,0.0006989580001572904,0.000659167000094385
aws:eu-west-1,gcp:asia-southeast1,4,3.0,500.0,161.784,1.0896800477318074,161.78400000000002,294.06600000000003,294.06600000000003,0.9010153340000215,0.8742727500000456,0.0021020000001499284,0.0007935420001103921
aws:eu-west-1,gcp:asia-southeast1,4,3.0,1000.0,161.784,2.6868190802729224,161.78400000000002,294.06600000000003,294.06600000000003,0.9094898339999418,0.9021516249999877,0.0007883749999564316,0.0006839580000814749
aws:eu-west-1,gcp:asia-southeast1,4,5.0,100.0,,,,,,0.8689816250000604,0.8826102919999812,0.0006205839999893215,0.0
aws:eu-west-1,gcp:asia-southeast1,4,5.0,200.0,278.1,1.094833743621006,278.1,585.0995399999999,585.0995399999999,0.9792959169999449,0.8936106659998586,0.0007146670000111044,0.0006545420001202729
aws:eu-west-1,gcp:asia-southeast1,4,5.0,300.0,274.32,2.217143171321826,274.32,585.0995399999999,548.5806,0.8939098329999524,0.8902547079999295,0.0007144999999582069,0.0006549170000198501
aws:eu-west-1,gcp:asia-southeast1,4,5.0,500.0,271.13399999999996,1.0934055317920155,271.13399999999996,585.0995399999999,585.0995399999999,0.8789479999998093,0.8548690000000079,0.0007544170000528538,0.0006881669999074802
aws:eu-west-1,gcp:asia-southeast1,4,5.0,1000.0,271.13399999999996,2.6960049891798974,271.13399999999996,585.0995399999999,556.4591999999999,0.9167495829999552,0.8734422090001317,0.00078741699985585,0.0006922079999185371
aws:eu-west-1,gcp:asia-southeast1,4,8.0,100.0,,,,,,0.8671706249999716,0.8582614580000154,0.0006218749999788997,0.0
aws:eu-west-1,gcp:asia-southeast1,4,8.0,200.0,477.504,1.1127206012468562,477.504,873.8585999999998,873.8585999999998,0.9016751249998833,0.9145604159998584,0.0007200000000011642,0.000651333000178056
aws:eu-west-1,gcp:asia-southeast1,4,8.0,300.0,461.30400000000003,2.23754746145622,461.30400000000003,873.8585999999998,767.2805999999999,0.8788083330000518,0.8608137090000128,0.0007072079999943526,0.0006332089999432355
aws:eu-west-1,gcp:asia-southeast1,4,8.0,500.0,451.87200000000007,1.0955123327560585,451.872,873.8585999999998,873.8585999999998,0.8955332909999925,0.8748526250001305,0.0007475419999991573,0.0008882499998890125
aws:eu-west-1,gcp:asia-southeast1,4,8.0,1000.0,451.87199999999996,2.7011997186239327,451.8719999999998,873.8585999999998,815.6591999999999,0.9054297919999499,0.8744361659998958,0.0008840000000418513,0.00072508299990659
aws:eu-west-1,gcp:asia-southeast1,4,10.0,100.0,,,,,,0.8574427500000183,0.8792617080000582,0.0006385829999544512,0.0
aws:eu-west-1,gcp:asia-southeast1,4,10.0,200.0,622.0440000000001,1.118813476835392,622.044,1020.7692,1020.7692,0.8781643329998587,0.8753745419999177,0.0007207500000276923,0.0006568750000042201
aws:eu-west-1,gcp:asia-southeast1,4,10.0,300.0,605.844,2.24443260606839,605.844,1020.7692,936.3312,0.871023624999907,0.8972775419999834,0.000771708000002036,0.0006828749999385764
aws:eu-west-1,gcp:asia-southeast1,4,10.0,500.0,595.296,1.0962164050975964,595.296,1020.7692,1020.7692,0.8817345420000038,0.8676970420001453,0.0007793330000822607,0.0008251250001194421
aws:eu-west-1,gcp:asia-southeast1,4,10.0,1000.0,595.2960000000003,2.7029357465571557,595.296,1020.7692,971.7498000000002,0.8733645830000114,0.8920981659998688,0.0007774580001296272,0.0006920000000718574
aws:eu-west-1,gcp:asia-southeast1,4,12.0,100.0,,,,,,0.884458167000048,0.8654815410000083,0.0006249580001167487,0.0
aws:eu-west-1,gcp:asia-southeast1,4,12.0,200.0,768.96,1.1229125991461935,768.96,1192.3092000000001,1192.3092000000001,0.8742751660001886,0.8532847910000783,0.0007162089998473675,0.0006753329998900881
aws:eu-west-1,gcp:asia-southeast1,4,12.0,300.0,752.76,2.2490462911322524,752.7599999999999,1192.3092000000001,1108.4112,0.9539287499999318,0.9096150000000307,0.000761875000080181,0.0006612499998936983
aws:eu-west-1,gcp:asia-southeast1,4,12.0,500.0,739.8359999999999,1.096686289650421,739.8359999999999,1192.3092000000001,1192.3092000000001,1.0386849159999656,0.9888743330000125,0.0007808750001458975,0.0007170000001224253
aws:eu-west-1,gcp:asia-southeast1,4,12.0,1000.0,739.8359999999999,2.7040943387372067,739.8359999999999,1192.3092000000001,1117.3698000000002,0.9210721669999202,0.8755312910000157,0.0009262080000098649,0.0007244999999329593
aws:eu-west-1,gcp:asia-southeast1,4,15.0,100.0,,,,,,0.8675907500000903,0.8586148750000575,0.0006172500000047876,0.0
aws:eu-west-1,gcp:asia-southeast1,4,15.0,200.0,1001.2860000000002,1.1270418687385018,1001.2859999999986,1453.4334000000001,1447.6553999999999,0.8997812909999539,0.8766799590000574,0.0007634579999376001,0.0006955829999242269
aws:eu-west-1,gcp:asia-southeast1,4,15.0,300.0,984.546,2.2451716419595726,984.546,1453.4334000000001,1354.9374,0.8725086250001368,0.8650869590001093,0.0007968749998781277,0.0006702089999635064
aws:eu-west-1,gcp:asia-southeast1,4,15.0,500.0,970.182,1.0971565772006358,970.1819999999999,1453.4334000000001,1447.6553999999999,0.8935541659998307,0.8900920000000951,0.0008065419999638834,0.0007306659999812837
aws:eu-west-1,gcp:asia-southeast1,4,15.0,1000.0,970.182,2.70525392458606,970.182,1453.4334000000001,1354.9374,0.8948435419999896,0.874529333000055,0.0009335419999842998,0.0007297920001292368
gcp:asia-northeast1,aws:us-west-2,1,1.0,100.0,55.08,2.2338426763106938,55.08,55.08,55.08,0.8566221670000687,0.8920554169999377,0.0006685000000743457,0.0006075829999190319
gcp:asia-northeast1,aws:us-west-2,1,1.0,200.0,55.08,7.071094032549389,55.08,55.08,55.08,0.8734029159998045,0.8660786670000107,0.0008095840000805765,0.0006345419999433943
gcp:asia-northeast1,aws:us-west-2,1,1.0,300.0,55.08,11.908345388788089,55.08,55.08,55.08,0.8676029159998961,0.8504127500000322,0.0006759589998637239,0.0005987499998809653
gcp:asia-northeast1,aws:us-west-2,1,1.0,500.0,55.08,21.582848101265483,55.08,55.08,55.08,0.8959843750001255,0.8831008750000819,0.0007192919999852165,0.0006119160000253032
gcp:asia-northeast1,aws:us-west-2,1,1.0,1000.0,55.08,32.0,55.08,55.08,55.08,0.8749219999999696,0.864007249999986,0.0008131249999223655,0.0006625419998727011
gcp:asia-northeast1,aws:us-west-2,1,2.0,100.0,119.98800000000003,2.4657923186458,119.988,119.988,119.988,0.853151834000073,1.0189792910000506,0.0006680839999262389,0.0006224169999313744
gcp:asia-northeast1,aws:us-west-2,1,2.0,200.0,110.916,2.1337492377937473,110.916,119.988,119.988,0.8812175840000691,0.8657765830000699,0.0006858750000446889,0.00062724999997954
gcp:asia-northeast1,aws:us-west-2,1,2.0,300.0,110.916,4.855541747256883,110.916,119.988,119.988,0.8755125840000346,0.900411374999976,0.0007226249999803258,0.0006567919999724836
gcp:asia-northeast1,aws:us-west-2,1,2.0,500.0,110.916,10.29912676618318,110.916,119.988,119.988,0.8878892499999438,0.873994416999949,0.000740124999992986,0.000644125000007989
gcp:asia-northeast1,aws:us-west-2,1,2.0,1000.0,110.916,23.90808931349889,110.916,119.988,119.988,0.8848986250000053,0.8565448750000542,0.0007495830000152637,0.0006274170000324375
gcp:asia-northeast1,aws:us-west-2,1,3.0,100.0,209.98800000000006,2.643662584155578,209.988,209.988,209.988,0.884481833999871,0.8712323750000905,0.0006968749999032298,0.0006226250000054279
gcp:asia-northeast1,aws:us-west-2,1,3.0,200.0,173.82104999999999,2.2141001885732017,173.82104999999999,209.988,209.988,0.8691665410001406,0.865662458000088,0.0007107080000423593,0.0006478750001406297
gcp:asia-northeast1,aws:us-west-2,1,3.0,300.0,173.82104999999999,5.038387692333757,173.82104999999999,209.988,209.988,0.8722310840000773,0.8952245000000403,0.0008505830001013237,0.000633166999932655
gcp:asia-northeast1,aws:us-west-2,1,3.0,500.0,173.82104999999999,10.686962699854867,173.82104999999999,209.988,209.988,0.8866130409999187,0.8745035839999673,0.0007289999998647545,0.0006277919999320147
gcp:asia-northeast1,aws:us-west-2,1,3.0,1000.0,173.82104999999999,24.808400218657642,173.82104999999999,209.988,209.988,0.8742661669998597,0.8905250000000251,0.0007424170000831509,0.0006283749999056454
gcp:asia-northeast1,aws:us-west-2,1,5.0,100.0,389.988,2.8055665234820353,389.988,389.98800000000006,389.98800000000006,0.9321922499998436,0.8732318329998634,0.0006532090001201141,0.0006270420001328603
gcp:asia-northeast1,aws:us-west-2,1,5.0,200.0,353.65635000000003,2.2828734246907594,353.6563499999999,389.98800000000006,389.98800000000006,0.8781175839999378,0.8601822500002072,0.000694750000093336,0.0006338329999380221
gcp:asia-northeast1,aws:us-west-2,1,5.0,300.0,353.6563499999999,5.194887487693048,353.6563499999999,389.98800000000006,389.98800000000006,0.8953696250000576,0.8710299169999871,0.0007101659998625109,0.0006258749999688007
gcp:asia-northeast1,aws:us-west-2,1,5.0,500.0,351.53010000000006,1.1444798631848165,351.5301,389.98800000000006,389.98800000000006,0.8836804579998443,0.8680125000000771,0.0007139580000057322,0.000670916999979454
gcp:asia-northeast1,aws:us-west-2,1,5.0,1000.0,351.53009999999995,3.2308527793908937,351.5301,389.98800000000006,389.98800000000006,0.8902707499998996,0.8874950000001718,0.0007851670000036393,0.0006782079999538837
gcp:asia-northeast1,aws:us-west-2,1,8.0,100.0,,,,,,0.8738596670000334,0.8741290839998328,0.0007232919999751175,0.0
gcp:asia-northeast1,aws:us-west-2,1,8.0,200.0,,,,,,0.8637356249998902,0.8817883750000419,0.0009177499998713756,0.0
gcp:asia-northeast1,aws:us-west-2,1,8.0,300.0,,,,,,0.8718097500000113,0.8573741249999784,0.0011385420000351587,0.0
gcp:asia-northeast1,aws:us-west-2,1,8.0,500.0,,,,,,0.8677623329999733,0.9700425420001011,0.0016789159999461845,0.0
gcp:asia-northeast1,aws:us-west-2,1,8.0,1000.0,,,,,,0.9060892499999227,0.8771837079998477,0.0017279169999255828,0.0
gcp:asia-northeast1,aws:us-west-2,1,10.0,100.0,,,,,,0.8666867090000778,0.8628820830001587,0.0007125839999844175,0.0
gcp:asia-northeast1,aws:us-west-2,1,10.0,200.0,,,,,,0.9290282500001013,0.9036072910000712,0.0009720410000682023,0.0
gcp:asia-northeast1,aws:us-west-2,1,10.0,300.0,,,,,,0.8966355420000127,0.868684624999787,0.001149708999946597,0.0
gcp:asia-northeast1,aws:us-west-2,1,10.0,500.0,,,,,,0.8566370839998854,0.8860508749999099,0.0014829170002030878,0.0
gcp:asia-northeast1,aws:us-west-2,1,10.0,1000.0,,,,,,0.8666005840000253,0.87907329199993,0.0018071659999350231,0.0
gcp:asia-northeast1,aws:us-west-2,1,12.0,100.0,,,,,,0.8726608329998271,0.8551301249999597,0.0007338339999023447,0.0
gcp:asia-northeast1,aws:us-west-2,1,12.0,200.0,,,,,,0.8730051669999739,0.880260374999807,0.0010623330001635622,0.0
gcp:asia-northeast1,aws:us-west-2,1,12.0,300.0,,,,,,0.8651293330001408,0.8822791249999682,0.0011200000001281296,0.0
gcp:asia-northeast1,aws:us-west-2,1,12.0,500.0,,,,,,0.8736392499999965,0.891757041999881,0.0014499579999665002,0.0
gcp:asia-northeast1,aws:us-west-2,1,12.0,1000.0,,,,,,0.8715111669998805,0.8673900840001352,0.0017571670000506856,0.0
gcp:asia-northeast1,aws:us-west-2,1,15.0,100.0,,,,,,0.8598997920000784,0.8677786249998007,0.0007997910001904529,0.0
gcp:asia-northeast1,aws:us-west-2,1,15.0,200.0,,,,,,0.8923259170001074,0.8665199170000051,0.0009362079999846173,0.0
gcp:asia-northeast1,aws:us-west-2,1,15.0,300.0,,,,,,0.8672573339999872,0.8702820000000884,0.0014617080000789429,0.0
gcp:asia-northeast1,aws:us-west-2,1,15.0,500.0,,,,,,0.8615844579999248,0.8874795829999584,0.0016364590001103352,0.0
gcp:asia-northeast1,aws:us-west-2,1,15.0,1000.0,,,,,,0.8649645000000419,0.8602929170001516,0.0017478340000707249,0.0
gcp:asia-northeast1,aws:us-west-2,2,1.0,100.0,55.08,2.2338426763106938,55.08,55.08,55.08,0.8658819999998286,0.8913625000000138,0.0006786660001125711,0.0006172919997879944
gcp:asia-northeast1,aws:us-west-2,2,1.0,200.0,55.08,7.071094032549389,55.08,55.08,55.08,1.0007791660000294,1.1095417500000622,0.0007385839999187738,0.0006453749999764113
gcp:asia-northeast1,aws:us-west-2,2,1.0,300.0,55.08,11.908345388788089,55.08,55.08,55.08,0.9090944160000163,0.8449161669998375,0.0007090830001743598,0.0006160830000681017
gcp:asia-northeast1,aws:us-west-2,2,1.0,500.0,55.08,21.582848101265483,55.08,55.08,55.08,0.8806632089999766,0.8487089580000884,0.0007270420001077582,0.0006187499998304702
gcp:asia-northeast1,aws:us-west-2,2,1.0,1000.0,55.08,32.0,55.08,55.08,55.08,0.8667312919999404,0.8569337500000529,0.0007546659999206895,0.0006200420000368467
gcp:asia-northeast1,aws:us-west-2,2,2.0,100.0,109.62,2.7697645739906136,109.62,109.62,109.62,0.8448705830001018,0.8653544589999456,0.0006722910000007687,0.0006177499999466818
gcp:asia-northeast1,aws:us-west-2,2,2.0,200.0,109.62,8.767522421524244,109.62,109.62,109.62,0.8524535000001379,0.8503180000000157,0.0006810840000071039,0.0006152500000098371
gcp:asia-northeast1,aws:us-west-2,2,2.0,300.0,109.62,14.765280269057875,109.62,109.62,109.62,0.8585271660001581,0.8572885000000952,0.000713542000084999,0.0006254999998418498
gcp:asia-northeast1,aws:us-west-2,2,2.0,500.0,109.62,26.76079596412514,109.62,109.62,109.62,0.8783656670000255,0.8465248749998864,0.0007348329997967085,0.0006197080001584254
gcp:asia-northeast1,aws:us-west-2,2,2.0,1000.0,109.62,32.0,109.62,109.62,109.62,0.8670700000000124,0.855570582999917,0.0007226669999909063,0.0006013340000663447
gcp:asia-northeast1,aws:us-west-2,2,3.0,100.0,163.62,3.010515840779398,163.62,163.62,163.62,0.8878974579999976,0.85569012499991,0.000700332999940656,0.0006372499999542924
gcp:asia-northeast1,aws:us-west-2,2,3.0,200.0,163.62,9.529606011372412,163.62,163.62,163.62,0.8719527499999913,0.8397322079999867,0.0006724160000430857,0.0005969999999706488
gcp:asia-northeast1,aws:us-west-2,2,3.0,300.0,163.62,16.048696181965425,163.62,163.62,163.62,0.8471595839998827,0.8594359579999491,0.0007137909999528347,0.0006160409998301475
gcp:asia-northeast1,aws:us-west-2,2,3.0,500.0,163.62,29.086876523151453,163.62,163.62,163.62,0.8684224170001471,0.8543555000001106,0.000725417000012385,0.0006259169999793812
gcp:asia-northeast1,aws:us-west-2,2,3.0,1000.0,163.62,32.0,163.62,163.62,163.62,0.8505907500000376,0.8699364169999626,0.0007504170000629529,0.000667958000121871
gcp:asia-northeast1,aws:us-west-2,2,5.0,100.0,328.8960000000001,2.8055665234820353,328.8960000000001,328.896,328.896,0.8587731249999706,0.8435531669999818,0.0006633750001583394,0.0006177080001634749
gcp:asia-northeast1,aws:us-west-2,2,5.0,200.0,283.5621,2.2828734246907594,283.5621,328.896,328.896,0.862031707999904,0.833799708000015,0.0007214590000330645,0.0006397499998911371
gcp:asia-northeast1,aws:us-west-2,2,5.0,300.0,283.5621,5.194887487693048,283.5621,328.896,328.896,0.8748793750000914,0.8426517499999591,0.0007057909999730327,0.0006345829999645503
gcp:asia-northeast1,aws:us-west-2,2,5.0,500.0,283.5621,11.018915613697622,283.5621,328.896,328.896,0.8569717090001632,0.8386459589999049,0.0007603750000271248,0.0006374170000071899
gcp:asia-northeast1,aws:us-west-2,2,5.0,1000.0,283.5621,25.578985928709052,283.5621,328.896,328.896,0.8524470000002111,0.8595519579998836,0.000746041999946101,0.0006355829998483387
gcp:asia-northeast1,aws:us-west-2,2,8.0,100.0,598.8960000000002,2.9056630885882626,598.8960000000001,598.896,598.896,0.8557039580000492,0.8798668329998236,0.0006740419999005098,0.0006215830001110589
gcp:asia-northeast1,aws:us-west-2,2,8.0,200.0,525.6927000000001,2.3234692759295257,525.6927,598.896,598.896,0.8480002090000198,0.8635345410000355,0.0007900420000623853,0.0006474169999819424
gcp:asia-northeast1,aws:us-west-2,2,8.0,300.0,525.6927000000001,5.287267063963714,525.6927000000001,598.896,598.896,0.8547417919999134,0.8614659170000323,0.0007400829999824055,0.0006367089999912423
gcp:asia-northeast1,aws:us-west-2,2,8.0,500.0,520.9001999999999,1.1473524292252328,520.9001999999999,598.896,598.896,0.8660868749998372,0.8425487500001054,0.0007476660000520496,0.0006992080000145506
gcp:asia-northeast1,aws:us-west-2,2,8.0,1000.0,520.9001999999999,3.2389619984992386,520.9001999999999,598.896,598.896,0.8817868749999889,0.847135291999848,0.0007464589998562587,0.0006779579998692498
gcp:asia-northeast1,aws:us-west-2,2,10.0,100.0,779.436,2.9406349267698992,779.436,779.4360000000001,779.4360000000001,0.8463569590001043,0.8305115000000569,0.0006642079999892303,0.000620416999936424
gcp:asia-northeast1,aws:us-west-2,2,10.0,200.0,705.6927000000001,2.337323987256223,705.6926999999998,779.4360000000001,779.4360000000001,0.8406997909999063,0.8629346669999904,0.0006665000000793952,0.0006653750001532899
gcp:asia-northeast1,aws:us-west-2,2,10.0,300.0,705.6927000000001,5.3187947280638035,705.6927,779.4360000000001,779.4360000000001,0.868601832999957,0.8601901249999173,0.0007911249999779102,0.0006644169998253346
gcp:asia-northeast1,aws:us-west-2,2,10.0,500.0,700.9002,1.1483131583414377,700.9002000000002,779.4360000000001,779.4360000000001,0.8592023329999847,0.8761645419999695,0.0007444999998824642,0.0006980410000778647
gcp:asia-northeast1,aws:us-west-2,2,10.0,1000.0,700.9001999999999,3.2416741251474903,700.9002000000002,779.4360000000001,779.4360000000001,0.860282750000124,0.8562767500000064,0.0007557910000741686,0.0006825000000389991
gcp:asia-northeast1,aws:us-west-2,2,12.0,100.0,966.7296899999998,2.4874071742776103,966.7296899999998,969.9327,969.9327,0.8437605829999484,0.83521662499993,0.0006830840000020544,0.0006337499999062857
gcp:asia-northeast1,aws:us-west-2,2,12.0,200.0,886.7727,2.3466526220983894,886.7727,969.9327,969.9327,0.8717286250000598,0.8436443329999292,0.0006942089999029122,0.0006408340000234602
gcp:asia-northeast1,aws:us-west-2,2,12.0,300.0,886.7727000000003,5.340022890735764,886.7727,969.9327,966.7296899999999,0.8536724590001086,0.8402718750000986,0.0007397500000934087,0.0006455840000398894
gcp:asia-northeast1,aws:us-west-2,2,12.0,500.0,881.4402,1.14895453876386,881.4402,969.9327,969.9327,0.850872291999849,0.8663507500000378,0.0007701250001446169,0.0006939580000562273
gcp:asia-northeast1,aws:us-west-2,2,12.0,1000.0,881.4402,3.243484734304616,881.4402,969.9327,969.9327,0.8684101250000822,0.8455961669999397,0.0007760829998915142,0.0006873330000871647
gcp:asia-northeast1,aws:us-west-2,2,15.0,100.0,,,,,,0.8256467500000326,0.8565546670001822,0.0007004999999935535,0.0
gcp:asia-northeast1,aws:us-west-2,2,15.0,200.0,,,,,,0.8426566670000284,0.8434242499999982,0.0009392080000907299,0.0
gcp:asia-northeast1,aws:us-west-2,2,15.0,300.0,,,,,,0.8488487910001368,0.8616509160001442,0.0011136670000269078,0.0
gcp:asia-northeast1,aws:us-west-2,2,15.0,500.0,,,,,,0.8744288329999108,0.8403662499999882,0.0014806670001235034,0.0
gcp:asia-northeast1,aws:us-west-2,2,15.0,1000.0,,,,,,0.8528904580000471,0.8548354999998082,0.0017921250000654254,0.0
gcp:asia-northeast1,aws:us-west-2,4,1.0,100.0,55.08,2.2338426763106938,55.08,55.08,55.08,0.8345808750000288,0.8842441249998956,0.0006495830000403657,0.0005973339998490701
gcp:asia-northeast1,aws:us-west-2,4,1.0,200.0,55.08,7.071094032549389,55.08,55.08,55.08,0.8499532920000092,0.8534587920000831,0.0006880000000819564,0.0006287090000114404
gcp:asia-northeast1,aws:us-west-2,4,1.0,300.0,55.08,11.908345388788089,55.08,55.08,55.08,0.8534645409999939,0.8611527079999632,0.000697458999866285,0.0006160410000575212
gcp:asia-northeast1,aws:us-west-2,4,1.0,500.0,55.08,21.582848101265483,55.08,55.08,55.08,0.8589959999999337,0.8427440409998326,0.0007278750001660228,0.0006152079999992566
gcp:asia-northeast1,aws:us-west-2,4,1.0,1000.0,55.08,32.0,55.08,55.08,55.08,0.8532786669998131,0.8597685419999834,0.0008207079999920097,0.0006069589999242453
gcp:asia-northeast1,aws:us-west-2,4,2.0,100.0,109.62,2.7697645739906136,109.62,109.62,109.62,0.8794628329999341,0.8444058749998931,0.0006800419998853613,0.0006189580001318973
gcp:asia-northeast1,aws:us-west-2,4,2.0,200.0,109.62,8.767522421524244,109.62,109.62,109.62,0.839259458000015,0.843005833999996,0.000696708000077706,0.0006162920001315797
gcp:asia-northeast1,aws:us-west-2,4,2.0,300.0,109.62,14.765280269057875,109.62,109.62,109.62,0.8526072500001192,0.8622422500000084,0.0007069580001370923,0.0006150000001525768
gcp:asia-northeast1,aws:us-west-2,4,2.0,500.0,109.62,26.76079596412514,109.62,109.62,109.62,0.8583867909999299,0.8586350830000811,0.0007462500000201544,0.0006144159999621479
gcp:asia-northeast1,aws:us-west-2,4,2.0,1000.0,109.62,32.0,109.62,109.62,109.62,0.860059832999923,0.8852026669999304,0.0007579999999052234,0.0006215840001004835
gcp:asia-northeast1,aws:us-west-2,4,3.0,100.0,163.62,3.010515840779398,163.62,163.62,163.62,0.857181207999929,0.8531351249998806,0.0006671669998468133,0.0006240000000161672
gcp:asia-northeast1,aws:us-west-2,4,3.0,200.0,163.62,9.529606011372412,163.62,163.62,163.62,0.8485855830001583,0.8377782079999179,0.0006724590000430908,0.0006100420000620943
gcp:asia-northeast1,aws:us-west-2,4,3.0,300.0,163.62,16.048696181965425,163.62,163.62,163.62,0.8594681249999212,0.8429674999999861,0.0006996659999458643,0.0006236670001271705
gcp:asia-northeast1,aws:us-west-2,4,3.0,500.0,163.62,29.086876523151453,163.62,163.62,163.62,0.8474376659999052,0.8525672079999822,0.0007242090000545431,0.000618249999888576
gcp:asia-northeast1,aws:us-west-2,4,3.0,1000.0,163.62,32.0,163.62,163.62,163.62,0.8752041669999926,0.8716527910000877,0.0007435410000198317,0.0006222920001164312
gcp:asia-northeast1,aws:us-west-2,4,5.0,100.0,272.16,3.2355028810890865,272.16,272.16,272.16,0.8625592079999933,0.9162382089998573,0.0006720409999161348,0.0006347920000280283
gcp:asia-northeast1,aws:us-west-2,4,5.0,200.0,272.16,10.241788894708783,272.16,272.16,272.16,0.8742734170000404,0.8385319589999654,0.000685750000002372,0.0006832910000866832
gcp:asia-northeast1,aws:us-west-2,4,5.0,300.0,272.16,17.248074908328476,272.16,272.16,272.16,0.8703195000000505,0.8718714999999975,0.0007030840001789329,0.000611625000146887
gcp:asia-northeast1,aws:us-west-2,4,5.0,500.0,272.16,31.26064693556787,272.16,272.16,272.16,0.862010041999838,0.8601909579999756,0.0007815419999133155,0.0007021669998721336
gcp:asia-northeast1,aws:us-west-2,4,5.0,1000.0,272.16,32.0,272.16,272.16,272.16,0.8510422079998534,0.8740743329999532,0.0007499580001422146,0.000634417000128451
gcp:asia-northeast1,aws:us-west-2,4,8.0,100.0,476.7120000000001,2.9056630885882626,476.712,476.712,476.712,0.8564026249998733,0.8522733750000953,0.0006645419998676516,0.0006219580000106362
gcp:asia-northeast1,aws:us-west-2,4,8.0,200.0,441.50399999999996,2.323469275929522,441.50399999999996,476.712,476.712,0.8567560410001533,0.867151208000223,0.0007188750000750588,0.00064254200015057
gcp:asia-northeast1,aws:us-west-2,4,8.0,300.0,441.50399999999996,5.287267063963714,441.50399999999996,476.712,476.712,0.8588239999999132,0.8422502500000064,0.0007123749999209394,0.0006361250000281871
gcp:asia-northeast1,aws:us-west-2,4,8.0,500.0,441.50399999999996,11.214862640032084,441.50399999999996,476.712,476.712,0.8626009590000194,0.8231745419998333,0.0007295000000340224,0.0006366659999912372
gcp:asia-northeast1,aws:us-west-2,4,8.0,1000.0,441.50399999999996,26.03385158020305,441.50399999999996,476.712,476.712,0.9013337909998427,0.845227917000102,0.0007446249999247812,0.0006354160000228148
gcp:asia-northeast1,aws:us-west-2,4,10.0,100.0,656.7120000000001,2.9406349267698992,656.7120000000001,656.712,656.712,0.8456811250000555,0.8547577920001004,0.0007288750000498112,0.000627124999937223
gcp:asia-northeast1,aws:us-west-2,4,10.0,200.0,566.0441999999999,2.337323987256223,566.0441999999999,656.712,656.712,0.857599417000074,0.8667917090001538,0.0007337500001085573,0.0006389170000602462
gcp:asia-northeast1,aws:us-west-2,4,10.0,300.0,566.0441999999999,5.3187947280638035,566.0441999999999,656.712,656.712,0.8477255830000558,0.8376774590001332,0.0006925840000349126,0.0006212499999946886
gcp:asia-northeast1,aws:us-west-2,4,10.0,500.0,566.0441999999999,11.28173620967896,566.0441999999999,656.712,656.712,0.8465922089999367,0.8612320409999938,0.0007443750000675209,0.0006438749999233551
gcp:asia-northeast1,aws:us-west-2,4,10.0,1000.0,566.0441999999999,26.189089913716856,566.0441999999999,656.712,656.712,0.8655589590000545,0.8468183330001011,0.0007412089998979354,0.0006194999998569983
gcp:asia-northeast1,aws:us-west-2,4,12.0,100.0,837.2520000000004,2.964420948885085,837.252,837.252,837.252,0.8557831250000163,0.8380957500000932,0.0006650829998307017,0.0006205829999998969
gcp:asia-northeast1,aws:us-west-2,4,12.0,200.0,693.1242,2.3466526220983894,693.1242,837.252,837.252,0.8679262079999717,0.8510187500000939,0.000696457999993072,0.0006357499999012362
gcp:asia-northeast1,aws:us-west-2,4,12.0,300.0,693.1242,5.340022890735764,693.1242,837.252,837.252,0.8578053749999981,0.8470496659999753,0.0007269170000654412,0.0006358330001603463
gcp:asia-northeast1,aws:us-west-2,4,12.0,500.0,693.1242,11.326763428010509,693.1242,837.252,837.252,0.8496027920000415,0.8560581659999116,0.0007247089999964373,0.0006362919998537109
gcp:asia-northeast1,aws:us-west-2,4,12.0,1000.0,693.1242,26.293614771197376,693.1242,837.252,837.252,0.8574839999998858,0.8486062919998858,0.000740124999992986,0.0006350409998958639
gcp:asia-northeast1,aws:us-west-2,4,15.0,100.0,1107.7920000000001,2.9885949066572444,1107.792,1107.792,1107.792,0.8345038329998715,0.8633021670000289,0.000681624999970154,0.0006487089999609452
gcp:asia-northeast1,aws:us-west-2,4,15.0,200.0,960.8454,2.356056019485017,960.8454,1107.792,1107.792,0.8510926249998647,0.8442554579999069,0.00071950000005927,0.0006340420000015001
gcp:asia-northeast1,aws:us-west-2,4,15.0,300.0,960.8454000000002,5.361421182422571,960.8454,1107.792,1107.792,0.8504422500000146,0.836285916000179,0.0007048330000998249,0.0006339999999909196
gcp:asia-northeast1,aws:us-west-2,4,15.0,500.0,950.7203999999998,1.1495966360617054,950.7203999999998,1107.792,1107.792,0.8789586249999957,0.840746000000081,0.0007275000000390719,0.0006751249998160347
gcp:asia-northeast1,aws:us-west-2,4,15.0,1000.0,950.7203999999997,3.245297367192375,950.7203999999998,1107.792,1107.792,0.8903877499999453,0.8440610410000318,0.0007635419999587612,0.0007027500000731379
gcp:asia-northeast1,azure:eastus,1,1.0,100.0,,,,,,0.8349905000000035,0.8579797920001511,0.0006236670001271705,0.0
gcp:asia-northeast1,azure:eastus,1,1.0,200.0,55.08,5.35194153337034,55.08,91.62,55.08,0.8403831250000167,0.8415253750001739,0.0006960000000617583,0.000621792000174537
gcp:asia-northeast1,azure:eastus,1,1.0,300.0,55.08,9.87827909542219,55.08,91.62,55.08,0.8369244170000911,0.8580112499998904,0.000694750000093336,0.0005987499998809653
gcp:asia-northeast1,azure:eastus,1,1.0,500.0,55.08,18.930954219525884,55.08,91.62,55.08,0.8596781659998669,0.8588318750000781,0.0007294580000234419,0.0006203749999258434
gcp:asia-northeast1,azure:eastus,1,1.0,1000.0,55.08,32.0,55.08,91.62,55.08,0.8394021249998787,0.8393608750000112,0.0007700000001023,0.0006268749998525891
gcp:asia-northeast1,azure:eastus,1,2.0,100.0,134.352,1.0081293146997339,134.352,181.62,181.62,0.8704215840000415,0.8405105830001958,0.0006651670000792365,0.0006257079999159032
gcp:asia-northeast1,azure:eastus,1,2.0,200.0,115.80299999999998,5.672038210431673,115.80299999999998,181.62,134.35199999999998,0.8472510420001527,0.8593152920000193,0.0007258330001604918,0.0006455000000187283
gcp:asia-northeast1,azure:eastus,1,2.0,300.0,115.80299999999998,10.42986080862136,115.80299999999998,181.62,134.35199999999998,0.8512559590001274,0.8667152500001976,0.0007167500000377913,0.0006317089998901793
gcp:asia-northeast1,azure:eastus,1,2.0,500.0,115.80299999999998,19.94550600500074,115.80299999999998,181.62,134.35199999999998,0.8563605829999688,0.8462542500001291,0.0007436660000621487,0.0006278329999531707
gcp:asia-northeast1,azure:eastus,1,2.0,1000.0,115.80299999999998,32.0,115.80299999999998,181.62,134.35199999999998,0.8698334999999133,0.848181084000089,0.0007614579999426496,0.0006301670000539161
gcp:asia-northeast1,azure:eastus,1,3.0,100.0,224.35200000000006,1.0883325254486889,224.35200000000006,271.62,271.62,0.8648219579999932,0.8947552500001166,0.0006804170000123122,0.0006228339998415322
gcp:asia-northeast1,azure:eastus,1,3.0,200.0,178.80300000000003,6.056231192107262,178.803,271.62,224.35199999999998,0.8428866249998919,0.8467102499998873,0.0007003330001680297,0.000625667000122121
gcp:asia-northeast1,azure:eastus,1,3.0,300.0,178.803,11.136322784698326,178.803,271.62,224.35199999999998,0.8481375420001314,0.8828786249998757,0.0007278329999280686,0.0006222090000846947
gcp:asia-northeast1,azure:eastus,1,3.0,500.0,178.803,21.296505969880453,178.803,271.62,224.35199999999998,0.8730200830000285,0.843730542000003,0.0007210000001123262,0.0006230830001641152
gcp:asia-northeast1,azure:eastus,1,3.0,1000.0,178.803,32.0,178.803,271.62,224.35199999999998,0.8496592079998209,0.8530156669999087,0.0007528329999786365,0.0012096250000013242
gcp:asia-northeast1,azure:eastus,1,5.0,100.0,324.297,1.0320647567850294,324.297,394.48889999999994,394.48889999999994,0.8487925409999661,0.847722499999918,0.0006842499999493157,0.0006350410001232376
gcp:asia-northeast1,azure:eastus,1,5.0,200.0,324.2970000000001,6.403205827746348,324.297,394.48889999999994,394.4889,0.8467859999998382,0.8268592080000872,0.000681834000033632,0.0006294580000485439
gcp:asia-northeast1,azure:eastus,1,5.0,300.0,322.04295,1.4252731071134335,322.04294999999996,394.48889999999994,394.48889999999994,0.8623499170000741,0.8458832090000215,0.0007315000000289729,0.000655167000104484
gcp:asia-northeast1,azure:eastus,1,5.0,500.0,322.04295,3.3140527348810593,322.04294999999996,394.48889999999994,394.4889,0.8510765419998734,0.8538170409999566,0.0007586250001168082,0.0006657090000317112
gcp:asia-northeast1,azure:eastus,1,5.0,1000.0,322.04295,8.03600180430012,322.04294999999996,394.48889999999994,394.4889,0.8945700420001685,0.9624485839999579,0.0007558749998679559,0.0006694589999369782
gcp:asia-northeast1,azure:eastus,1,8.0,100.0,,,,,,0.8392295000001013,0.8462584169999445,0.0007465829999091511,0.0
gcp:asia-northeast1,azure:eastus,1,8.0,200.0,,,,,,0.8357005840000511,0.8637400000000071,0.0009150420000878512,0.0
gcp:asia-northeast1,azure:eastus,1,8.0,300.0,,,,,,0.84550083299996,0.8433252499999071,0.001159541999868452,0.0
gcp:asia-northeast1,azure:eastus,1,8.0,500.0,,,,,,0.841856000000007,0.8321003329999712,0.0014787910001814453,0.0
gcp:asia-northeast1,azure:eastus,1,8.0,1000.0,,,,,,0.8609823750000487,0.8408750830001281,0.0017466669999066653,0.0
gcp:asia-northeast1,azure:eastus,1,10.0,100.0,,,,,,0.8464388750001035,0.8465111250000064,0.0006602500000099099,0.0
gcp:asia-northeast1,azure:eastus,1,10.0,200.0,,,,,,0.8348858330000439,0.8591140409998843,0.0009021669998219295,0.0
gcp:asia-northeast1,azure:eastus,1,10.0,300.0,,,,,,0.8351742500001365,0.8474041249999118,0.0011852499999349675,0.0
gcp:asia-northeast1,azure:eastus,1,10.0,500.0,,,,,,0.8379292499998883,0.8804104999999254,0.0014137079999727575,0.0
gcp:asia-northeast1,azure:eastus,1,10.0,1000.0,,,,,,0.839418250000108,0.8342780410000614,0.0017460410001604032,0.0
gcp:asia-northeast1,azure:eastus,1,12.0,100.0,,,,,,0.8341861669998707,0.8375457910001387,0.0007582499999898573,0.0
gcp:asia-northeast1,azure:eastus,1,12.0,200.0,,,,,,0.8737930830000096,0.8390667090000079,0.000911584000050425,0.0
gcp:asia-northeast1,azure:eastus,1,12.0,300.0,,,,,,0.8497325000000728,0.8384841669999332,0.0011633750000328291,0.0
gcp:asia-northeast1,azure:eastus,1,12.0,500.0,,,,,,0.8409760839999763,0.8706394159999036,0.0014254169998366706,0.0
gcp:asia-northeast1,azure:eastus,1,12.0,1000.0,,,,,,0.8426522500001283,0.8535880409999663,0.0016940830000748974,0.0
gcp:asia-northeast1,azure:eastus,1,15.0,100.0,,,,,,0.8362038329998995,0.8373002499999984,0.0006540829999721609,0.0
gcp:asia-northeast1,azure:eastus,1,15.0,200.0,,,,,,0.8883842919999552,0.9084618750000573,0.0009183750000829605,0.0
gcp:asia-northeast1,azure:eastus,1,15.0,300.0,,,,,,0.860872707999988,0.8541374169999472,0.0011688330000652059,0.0
gcp:asia-northeast1,azure:eastus,1,15.0,500.0,,,,,,0.8270974170000045,0.8598105410001153,0.001488459000029252,0.0
gcp:asia-northeast1,azure:eastus,1,15.0,1000.0,,,,,,0.8443481670001347,0.8687941250000222,0.0032892500000798464,0.0
gcp:asia-northeast1,azure:eastus,2,1.0,100.0,,,,,,0.8704532090000612,0.866535666000118,0.0006056250001620356,0.0
gcp:asia-northeast1,azure:eastus,2,1.0,200.0,55.08,5.35194153337034,55.08,91.62,55.08,0.8477233749999868,0.8530957499999658,0.0006979169997975987,0.0006217499999365828
gcp:asia-northeast1,azure:eastus,2,1.0,300.0,55.08,9.87827909542219,55.08,91.62,55.08,0.8423389999998108,0.8371698749999723,0.0007397919998766156,0.0006812500000705768
gcp:asia-northeast1,azure:eastus,2,1.0,500.0,55.08,18.930954219525884,55.08,91.62,55.08,0.8834326249998412,0.8451598330000252,0.0007332499999392894,0.0006085830000301939
gcp:asia-northeast1,azure:eastus,2,1.0,1000.0,55.08,32.0,55.08,91.62,55.08,0.873242166999944,0.8395703749999939,0.0007607079999161215,0.000620291999894107
gcp:asia-northeast1,azure:eastus,2,2.0,100.0,109.62,1.0081293146997332,109.62,181.62,181.62,0.8454378339999948,0.9199107500000991,0.0006759579998742993,0.0006079590000354074
gcp:asia-northeast1,azure:eastus,2,2.0,200.0,109.62,6.535154066341423,109.62,181.62,109.62,0.9815784999998414,1.016280874999893,0.0007198749999588472,0.0006350830001338181
gcp:asia-northeast1,azure:eastus,2,2.0,300.0,109.62,12.062178817983114,109.62,181.62,109.62,0.8566969159999189,0.8869316249999883,0.0007149169998683647,0.0006257919999370642
gcp:asia-northeast1,azure:eastus,2,2.0,500.0,109.62,23.116228321266494,109.62,181.62,109.62,0.8649654160001319,0.8525204580000718,0.0007285830001819704,0.000610625000035725
gcp:asia-northeast1,azure:eastus,2,2.0,1000.0,109.62,32.0,109.62,181.62,109.62,0.8583073750000949,0.835673917000122,0.0007495419999941078,0.0006037499999820284
gcp:asia-northeast1,azure:eastus,2,3.0,100.0,177.62400000000002,1.0883325254486889,177.624,271.62,271.62,0.8743929170000229,0.8397042920000786,0.000671708000027138,0.0006187080000472633
gcp:asia-northeast1,azure:eastus,2,3.0,200.0,167.52599999999998,6.056231192107262,167.52599999999998,271.62,177.62399999999997,0.8495154590000311,0.8402053749998686,0.0006863749999865831,0.0006069579999348207
gcp:asia-northeast1,azure:eastus,2,3.0,300.0,167.52599999999998,11.136322784698326,167.52599999999998,271.62,177.62399999999997,0.8472923330000413,0.8598626670000158,0.0007309580000764981,0.0006096669999351434
gcp:asia-northeast1,azure:eastus,2,3.0,500.0,167.52599999999998,21.296505969880457,167.52599999999998,271.62,177.62399999999997,0.8619328749998658,0.8394834579999042,0.0007396250000510918,0.0006379169999490841
gcp:asia-northeast1,azure:eastus,2,3.0,1000.0,167.52599999999998,32.0,167.52599999999998,271.62,177.62399999999997,0.8558742089999214,0.8701535420000255,0.0007430419998399884,0.0006270000001222797
gcp:asia-northeast1,azure:eastus,2,5.0,100.0,293.52600000000007,1.0320647567850294,293.52600000000007,452.7,452.7,0.8443098750001354,0.8503796669999701,0.0006584170000678569,0.0006194169998252619
gcp:asia-northeast1,azure:eastus,2,5.0,200.0,293.52600000000007,6.403205827746348,293.52600000000007,452.7,357.62399999999997,0.8618266670000594,0.8435312910000903,0.0007713750001130393,0.0006084999999984575
gcp:asia-northeast1,azure:eastus,2,5.0,300.0,293.52599999999995,11.774346898707662,293.52600000000007,452.7,357.62399999999997,0.874090957999897,0.8579023750000943,0.0007190830001491122,0.0006227920000583254
gcp:asia-northeast1,azure:eastus,2,5.0,500.0,293.52600000000007,22.516629040630296,293.52600000000007,452.7,357.62399999999997,0.8723724169999514,0.8438425839999582,0.0008409999998093554,0.0006732090000696189
gcp:asia-northeast1,azure:eastus,2,5.0,1000.0,293.52600000000007,32.0,293.52600000000007,452.7,357.62399999999997,0.8582852499998808,0.8655674589999762,0.0007741249999071442,0.000666791999947236
gcp:asia-northeast1,azure:eastus,2,8.0,100.0,483.0660000000001,1.0664325136250703,483.066,672.4223999999999,672.4223999999999,0.8591310420001719,0.8332901250000759,0.00067216700017525,0.0006372499999542924
gcp:asia-northeast1,azure:eastus,2,8.0,200.0,483.0660000000001,6.616432584534589,483.066,672.4223999999999,628.1640000000001,0.8503119160000097,0.8730986250000115,0.0006922079999185371,0.0007344999999077118
gcp:asia-northeast1,azure:eastus,2,8.0,300.0,483.0660000000001,12.166432655444108,483.066,672.4223999999999,628.1640000000001,0.8548367910000252,0.8591045840000788,0.0007088750001003064,0.0006240420000267477
gcp:asia-northeast1,azure:eastus,2,8.0,500.0,483.066,23.26643279726315,483.066,672.4223999999999,628.1640000000001,0.8621671250000418,0.8347820419999152,0.0008044589999371965,0.0006627080001635477
gcp:asia-northeast1,azure:eastus,2,8.0,1000.0,483.066,32.0,483.066,672.4223999999999,628.1640000000001,0.8806175409999923,0.8431211669999357,0.0007403749998502462,0.0007618330000696005
gcp:asia-northeast1,azure:eastus,2,10.0,100.0,647.514,1.0784027846880457,647.514,787.8977999999998,787.8977999999998,0.8403675419999672,0.8535939579999194,0.0006663340000159224,0.0006743330000062997
gcp:asia-northeast1,azure:eastus,2,10.0,200.0,647.5140000000001,6.690699348249023,647.514,787.8977999999998,787.8978,0.8385185409999849,0.8626221659999374,0.0006924589999925956,0.0006275420000747545
gcp:asia-northeast1,azure:eastus,2,10.0,300.0,643.0059000000001,1.436123187995232,643.0059,787.8977999999998,787.8977999999998,0.8639216250001027,0.8427559579999979,0.00072116699993785,0.0006430420000924641
gcp:asia-northeast1,azure:eastus,2,10.0,500.0,643.0059000000001,3.339281401612052,643.0059,787.8977999999998,787.8978,0.863872917000208,0.8436777920001077,0.0008101250000436266,0.0006628330002058647
gcp:asia-northeast1,azure:eastus,2,10.0,1000.0,643.0059000000001,8.097176935654094,643.0059,787.8977999999998,787.8978,0.8792732090000754,0.8487788749998799,0.0008660410001084529,0.0006619170001158636
gcp:asia-northeast1,azure:eastus,2,12.0,100.0,827.5140000000001,1.086533381438501,827.5140000000001,913.8977999999998,913.8977999999998,0.8419592079999347,0.8461002910000843,0.0007011249999777647,0.0006316249998690182
gcp:asia-northeast1,azure:eastus,2,12.0,200.0,827.5140000000001,6.741143745418196,827.5140000000001,913.8977999999998,913.8977999999998,0.8379079160001766,0.8706501249998837,0.0007022919999144506,0.0006335000000490254
gcp:asia-northeast1,azure:eastus,2,12.0,300.0,823.0059,1.437947615872499,823.0059,913.8977999999998,913.8977999999998,0.8658324170000924,0.8550270410000849,0.0007202499998584244,0.000676958999974886
gcp:asia-northeast1,azure:eastus,2,12.0,500.0,823.0059,3.3435235711766538,823.0059,913.8977999999998,913.8977999999998,0.8846413339999799,0.8775002089998907,0.0007433329999457783,0.0006637919998411235
gcp:asia-northeast1,azure:eastus,2,12.0,1000.0,823.0059,8.107463459437046,823.0059,913.8977999999998,913.8977999999998,0.8602910410002096,0.8479717079999318,0.0007941669998672296,0.0006694579999475536
gcp:asia-northeast1,azure:eastus,2,15.0,100.0,,,,,,0.853287833999957,0.8284968340001342,0.0006840000000920554,0.0
gcp:asia-northeast1,azure:eastus,2,15.0,200.0,,,,,,0.867408542000021,0.8560083330000907,0.0009123749998707353,0.0
gcp:asia-northeast1,azure:eastus,2,15.0,300.0,,,,,,0.8524508340001375,0.8451634579998881,0.0011715829998593108,0.0
gcp:asia-northeast1,azure:eastus,2,15.0,500.0,,,,,,0.8482232910000675,0.8753895840000041,0.0014769590000014432,0.0
gcp:asia-northeast1,azure:eastus,2,15.0,1000.0,,,,,,0.8543540839998514,0.8426832500001638,0.001770916999930705,0.0
gcp:asia-northeast1,azure:eastus,4,1.0,100.0,,,,,,0.8315040840000165,0.9339206670001658,0.0006260840000322787,0.0
gcp:asia-northeast1,azure:eastus,4,1.0,200.0,55.08,5.35194153337034,55.08,91.62,55.08,0.871702292000009,0.8502617079998345,0.0006901249998918502,0.0006169159998989926
gcp:asia-northeast1,azure:eastus,4,1.0,300.0,55.08,9.87827909542219,55.08,91.62,55.08,0.8518214580001313,0.8445750409998709,0.0007315830000607093,0.0006261250000534346
gcp:asia-northeast1,azure:eastus,4,1.0,500.0,55.08,18.930954219525884,55.08,91.62,55.08,0.8762455829998999,0.8642626250000376,0.0007391669998924044,0.0006159160000152042
gcp:asia-northeast1,azure:eastus,4,1.0,1000.0,55.08,32.0,55.08,91.62,55.08,0.8715779579999889,0.8581604170001356,0.0007433329999457783,0.000651083000093422
gcp:asia-northeast1,azure:eastus,4,2.0,100.0,109.62,1.0081293146997332,109.62,181.62,181.62,0.8323386249999203,0.8616188329999659,0.0006560410001839045,0.000623375000031956
gcp:asia-northeast1,azure:eastus,4,2.0,200.0,109.62,6.535154066341423,109.62,181.62,109.62,0.8498190830000567,0.8489728329998343,0.000736125000003085,0.0006272079999689595
gcp:asia-northeast1,azure:eastus,4,2.0,300.0,109.62,12.062178817983114,109.62,181.62,109.62,0.8431271660001585,0.8671387909998884,0.0007004999999935535,0.0006174160000682605
gcp:asia-northeast1,azure:eastus,4,2.0,500.0,109.62,23.116228321266494,109.62,181.62,109.62,0.8638688329999695,0.8517852919999314,0.0007185829999798443,0.000597583999933704
gcp:asia-northeast1,azure:eastus,4,2.0,1000.0,109.62,32.0,109.62,181.62,109.62,0.8681180419998782,0.8492546659999789,0.0007609580000007554,0.0006189159998939431
gcp:asia-northeast1,azure:eastus,4,3.0,100.0,164.16,1.0883325254486886,164.16,271.62,271.62,0.8558322920000592,0.8597955000000184,0.000667624999778127,0.0006176250001317385
gcp:asia-northeast1,azure:eastus,4,3.0,200.0,164.16,7.055067862336717,164.16,271.62,164.16,0.8520371249999243,0.8418967919999432,0.0007423749998451967,0.0006215409998731047
gcp:asia-northeast1,azure:eastus,4,3.0,300.0,164.16,13.021803199224742,164.16,271.62,164.16,0.8392777920000754,0.8737827909999396,0.0007113329997991968,0.0006121670000993618
gcp:asia-northeast1,azure:eastus,4,3.0,500.0,164.16,24.9552738730008,164.16,271.62,164.16,0.8732327499999428,0.8526894579999862,0.000719375000016953,0.0006036670001776656
gcp:asia-northeast1,azure:eastus,4,3.0,1000.0,164.16,32.0,164.16,271.62,164.16,0.8532660419998592,0.8647197079999387,0.0007774580001296272,0.0006231250001746957
gcp:asia-northeast1,azure:eastus,4,5.0,100.0,272.7,1.1623078117723473,272.7,452.7,452.7,0.8410559999999805,0.845343042000195,0.0006835000001501612,0.0006211249999523716
gcp:asia-northeast1,azure:eastus,4,5.0,200.0,272.7,7.534609411399618,272.7,452.7,272.7,0.8531222499998421,0.8534284999998363,0.0006768750001810986,0.0006181250000736327
gcp:asia-northeast1,azure:eastus,4,5.0,300.0,272.7,13.906911011026892,272.7,452.7,272.7,0.8853747910000038,0.8592203749999499,0.0007267500000125438,0.0006164999999782594
gcp:asia-northeast1,azure:eastus,4,5.0,500.0,272.7,26.651514210281434,272.7,452.7,272.7,0.8537044590000278,0.8320174580001094,0.0007368340000084572,0.0006261660000745906
gcp:asia-northeast1,azure:eastus,4,5.0,1000.0,272.7,32.0,272.7,452.7,272.7,0.8436852919999183,0.8498824579999109,0.0007493329999306297,0.0006223749999207939
gcp:asia-northeast1,azure:eastus,4,8.0,100.0,459.9719999999999,1.0664325136250703,459.9719999999999,723.24,723.24,0.8305150829999093,0.8477072499999849,0.0006702499999846623,0.0007717500000126165
gcp:asia-northeast1,azure:eastus,4,8.0,200.0,459.9719999999999,6.616432584534589,459.9719999999999,723.24,534.1679999999999,0.8488455000001522,0.8423870419999275,0.000696792000098867,0.0006272919999901205
gcp:asia-northeast1,azure:eastus,4,8.0,300.0,459.9719999999999,12.166432655444108,459.9719999999999,723.24,534.1679999999999,0.8724662920001265,0.8444555420001052,0.0006964159999824915,0.0006048329998975532
gcp:asia-northeast1,azure:eastus,4,8.0,500.0,459.9719999999999,23.26643279726315,459.9719999999999,723.24,534.1679999999999,0.8588287920001676,0.8451612090000253,0.0007465409998985706,0.0006211659999735275
gcp:asia-northeast1,azure:eastus,4,8.0,1000.0,459.9719999999999,32.0,459.9719999999999,723.24,534.1679999999999,0.851792542000112,0.8562519160000193,0.0007840840000881144,0.0006325830001969734
gcp:asia-northeast1,azure:eastus,4,10.0,100.0,586.5120000000001,1.0784027846880457,586.5120000000001,904.32,904.32,0.8582499169999664,0.8305218749999312,0.0006639590001213946,0.0006189170001107414
gcp:asia-northeast1,azure:eastus,4,10.0,200.0,586.5120000000001,6.690699348249023,586.5120000000001,904.32,714.7079999999999,0.8396282090000113,0.8683664999998655,0.0006792919998588332,0.0006208750000951113
gcp:asia-northeast1,azure:eastus,4,10.0,300.0,586.5120000000001,12.302995911809997,586.5120000000001,904.32,714.7079999999999,0.8382376250001471,0.839870000000019,0.0007055419998778234,0.000622249999878477
gcp:asia-northeast1,azure:eastus,4,10.0,500.0,586.5120000000001,23.52758903893195,586.5120000000001,904.32,714.7079999999999,0.8666440000001785,0.838880958000118,0.0007325829999444977,0.0006249999998999556
gcp:asia-northeast1,azure:eastus,4,10.0,1000.0,586.5120000000001,32.0,586.5120000000001,904.32,714.7079999999999,0.8716988749999928,0.8522271250001268,0.0007286669999757578,0.0007121660000848351
gcp:asia-northeast1,azure:eastus,4,12.0,100.0,713.052,1.086533381438501,713.052,1084.32,1084.32,0.8344381250001334,0.8314538330000687,0.0006524579998767877,0.0006038340000031894
gcp:asia-northeast1,azure:eastus,4,12.0,200.0,713.052,6.741143745418196,713.052,1084.32,894.7079999999999,0.8362633750000441,0.8749202500000592,0.000685750000002372,0.0006249579998893751
gcp:asia-northeast1,azure:eastus,4,12.0,300.0,713.052,12.395754109397892,713.052,1084.32,894.7079999999999,0.8513942919998954,0.8410089170001811,0.000693708999961018,0.0006275830000959104
gcp:asia-northeast1,azure:eastus,4,12.0,500.0,713.052,23.704974837357284,713.052,1084.32,894.7079999999999,0.8550057080001352,0.856643374999976,0.0007157089999054733,0.0006069160001516138
gcp:asia-northeast1,azure:eastus,4,12.0,1000.0,713.052,32.0,713.052,1084.32,894.7079999999999,0.861688709000191,0.8567471250000835,0.0008052499999848806,0.0006282089998421725
gcp:asia-northeast1,azure:eastus,4,15.0,100.0,902.5920000000001,1.0947875105095448,902.5920000000001,1290.3048,1290.3048,0.8506392500000857,0.9350522919999094,0.0007079169999997248,0.0006417499998860876
gcp:asia-northeast1,azure:eastus,4,15.0,200.0,902.5920000000001,6.792354570149115,902.5920000000001,1290.3048,1165.248,0.8763758339998731,0.8459900409998227,0.0006806660001075215,0.0006262910001169075
gcp:asia-northeast1,azure:eastus,4,15.0,300.0,902.5920000000001,12.48992162978869,902.5920000000001,1290.3048,1165.248,0.8519537499998933,0.8546331249999639,0.0007230830001390132,0.000620207999872946
gcp:asia-northeast1,azure:eastus,4,15.0,500.0,902.5920000000001,23.88505574906783,902.5920000000001,1290.3048,1165.248,0.8524708750001082,0.8689037499998449,0.0007573339998998563,0.0006392500001766166
gcp:asia-northeast1,azure:eastus,4,15.0,1000.0,902.5920000000001,32.0,902.5920000000001,1290.3048,1165.248,0.8652402910001911,0.841664375000164,0.0007997079999313428,0.0007624999998370185
azure:japaneast,gcp:us-west1,1,1.0,100.0,55.08,2.5006643408553835,55.08,55.08,55.08,0.8554642500000682,0.8602374580000287,0.000662582999893857,0.000612667000041256
azure:japaneast,gcp:us-west1,1,1.0,200.0,55.08,7.266103770784124,55.08,55.08,55.08,0.8520650829998431,0.8550535839999611,0.0006967500000882865,0.0006127500000729924
azure:japaneast,gcp:us-west1,1,1.0,300.0,55.08,12.031543200712868,55.08,55.08,55.08,0.8472254170001179,0.8434856249998575,0.0006964589999824966,0.0006151249999675201
azure:japaneast,gcp:us-west1,1,1.0,500.0,55.08,21.56242206057035,55.08,55.08,55.08,0.8703592079998543,0.8483865829998649,0.0007665420000648737,0.0006217080001533759
azure:japaneast,gcp:us-west1,1,1.0,1000.0,55.08,32.0,55.08,55.08,55.08,0.8468897500001731,0.8478300000001582,0.0007413339999402524,0.000616166999861889
azure:japaneast,gcp:us-west1,1,2.0,100.0,117.97425,1.6734649848706553,117.97425,123.84,123.84,0.835276125000064,0.8632067919998008,0.0006494169999768928,0.0005985000000237051
azure:japaneast,gcp:us-west1,1,2.0,200.0,112.536,1.7129029412310004,112.536,123.84,123.84,0.8526037910000923,0.8486859590000222,0.0007314169999972364,0.0006399169999440346
azure:japaneast,gcp:us-west1,1,2.0,300.0,112.536,3.7626880680555708,112.536,123.84,123.84,0.8460910409999087,0.8596780830000625,0.0007118749999790452,0.0006444589998864103
azure:japaneast,gcp:us-west1,1,2.0,500.0,112.536,7.862258321704708,112.536,123.84,123.84,0.8615454170001158,0.8442732080000042,0.0007254579998061672,0.0006530840000777971
azure:japaneast,gcp:us-west1,1,2.0,1000.0,112.536,18.111183955827556,112.536,123.84,123.84,0.8662825829999292,0.8429033330000948,0.0007565830001112772,0.0006442919998335128
azure:japaneast,gcp:us-west1,1,3.0,100.0,198.84690000000003,1.761762305314143,198.84690000000003,213.84,213.84,0.856378333000066,0.8462639589999981,0.0006578749998880085,0.0006196249998993153
azure:japaneast,gcp:us-west1,1,3.0,200.0,186.5493,1.7610327922360085,186.54930000000002,213.84,213.84,0.8562632499999836,0.8551441659999455,0.0007049590001315664,0.000635124999917025
azure:japaneast,gcp:us-west1,1,3.0,300.0,186.5493,3.8684136242062834,186.5493,213.84,213.84,0.8501728749999984,0.8757159589999901,0.0007442500000252039,0.0006582910000361153
azure:japaneast,gcp:us-west1,1,3.0,500.0,186.5493,8.083175288146833,186.5493,213.84,213.84,0.8566688749999685,0.8433875420000732,0.0007414589999825694,0.0006356660001074488
azure:japaneast,gcp:us-west1,1,3.0,1000.0,186.3504,2.4728973710610767,186.35039999999995,213.84,213.84,0.8613074160000451,0.8436494580000726,0.0007875000001149601,0.0007004159999723925
azure:japaneast,gcp:us-west1,1,5.0,100.0,378.84690000000006,1.8394045603271891,378.8469,396.05940000000004,396.05940000000004,0.8908347500000673,0.8557053750000705,0.0007765420000396261,0.0006417090000923054
azure:japaneast,gcp:us-west1,1,5.0,200.0,343.91429999999997,1.8015288712931188,343.91429999999997,396.05940000000004,396.05940000000004,0.8510147499998766,0.8493268749998606,0.0006928330001301219,0.0006200830000580027
azure:japaneast,gcp:us-west1,1,5.0,300.0,343.91429999999997,3.9573702777348956,343.91429999999997,396.05940000000004,396.05940000000004,0.8363137080000342,0.8740976670001146,0.0006999579998137051,0.0006287090000114404
azure:japaneast,gcp:us-west1,1,5.0,500.0,343.72529999999995,2.568467068749648,343.7253,396.05940000000004,396.05940000000004,0.8672863750000488,0.8528329999999187,0.0007487919999675796,0.0006715419999636651
azure:japaneast,gcp:us-west1,1,5.0,1000.0,343.29239999999993,2.480873898337048,343.2924,396.05940000000004,396.05940000000004,0.8765254160000495,0.8508527080000476,0.0007787919998918369,0.0007182909998846299
azure:japaneast,gcp:us-west1,1,8.0,100.0,680.6844,1.4006615089804448,680.6844,710.1706949999999,710.1706949999999,0.8773935419999361,0.8737538329999097,0.0006989169999087608,0.0006497909998870455
azure:japaneast,gcp:us-west1,1,8.0,200.0,614.3840999999999,1.8251371081947987,614.3841,710.1706949999999,710.1706949999999,0.8860710829999334,0.8392326250000224,0.0007008749998931307,0.0006412079999336129
azure:japaneast,gcp:us-west1,1,8.0,300.0,610.4780999999999,2.6271022181165584,610.4780999999999,710.1706949999999,710.1706949999999,0.845937000000049,0.8646388340000613,0.0007270840001183387,0.000674916999969355
azure:japaneast,gcp:us-west1,1,8.0,500.0,608.8832999999998,2.209070957923693,608.8833,710.1706949999999,710.1706949999999,0.8512348340000244,0.8538415830000758,0.0007636249999904976,0.0006900000000769069
azure:japaneast,gcp:us-west1,1,8.0,1000.0,608.2982999999998,2.485383349345401,608.2982999999998,710.1706949999999,710.1706949999999,0.8535659159999796,0.8754454999998416,0.0008654170001136663,0.0007237500001338049
azure:japaneast,gcp:us-west1,1,10.0,100.0,954.563895,1.409882936772675,954.563895,970.3588949999996,970.3588949999996,0.8806399169998258,0.9003443750000315,0.0007232909999856929,0.0006644580000738642
azure:japaneast,gcp:us-west1,1,10.0,200.0,801.1817999999998,1.8331446239678897,801.1817999999997,970.3588949999996,970.3588949999996,0.8601305000001958,0.8581183329999931,0.000753000000031534,0.0007037919999675069
azure:japaneast,gcp:us-west1,1,10.0,300.0,793.3158,2.6403080422274527,793.3158,970.3588949999996,970.3588949999996,0.9359361250001257,0.8928065830000378,0.0008164170001236926,0.0007094590000633616
azure:japaneast,gcp:us-west1,1,10.0,500.0,791.055,2.2121399613423094,791.0550000000001,970.3588949999996,970.3588949999996,0.8847029169999132,0.8482665000001361,0.0007621669999480218,0.0007244999999329593
azure:japaneast,gcp:us-west1,1,10.0,1000.0,790.3529999999998,2.486890144898247,790.3529999999998,970.3588949999996,970.3588949999996,0.8691642080000292,0.8475457919998917,0.0007981250000739237,0.0007270000000971777
azure:japaneast,gcp:us-west1,1,12.0,100.0,,,,,,0.8759319169998889,0.9863011669999651,0.000732957999844075,0.0
azure:japaneast,gcp:us-west1,1,12.0,200.0,1006.1887499999998,1.838522117633076,1006.1887499999998,1179.2758949999998,1179.2758949999998,0.9317453339999702,0.8600867499999367,0.0007708330001605646,0.0006972080000196001
azure:japaneast,gcp:us-west1,1,12.0,300.0,988.6985999999999,1.8283119615062482,988.6985999999999,1179.2758949999998,1179.2758949999998,0.8625825000001441,0.8803433749999385,0.0007797499999924185,0.0007195829998636327
azure:japaneast,gcp:us-west1,1,12.0,500.0,984.8483999999997,1.05807002381367,984.8484,1179.2758949999998,1179.2758949999998,0.8694076669999049,0.8537535840000601,0.0007976250001320295,0.0007408750000195141
azure:japaneast,gcp:us-west1,1,12.0,1000.0,983.5479,2.4878956906929375,983.5479,1179.2758949999998,1179.2758949999998,0.8809900409999045,0.8582064580000406,0.0008420829999522539,0.0007463750000624714
azure:japaneast,gcp:us-west1,1,15.0,100.0,,,,,,0.8715605829997912,0.8504516250000052,0.0007093750000422006,0.0
azure:japaneast,gcp:us-west1,1,15.0,200.0,1367.86815,1.3896461633197887,1367.86815,,,0.9107025419998536,0.8677009579998867,0.0009063329998753034,0.0008388329999888811
azure:japaneast,gcp:us-west1,1,15.0,300.0,1336.97565,1.8324509988996986,1336.97565,1473.9332399999996,1473.9332399999996,0.8418909590000112,0.8633057079998707,0.0009992080001666181,0.000941084000032788
azure:japaneast,gcp:us-west1,1,15.0,500.0,1326.9154500000002,1.0585361974290457,1326.9154500000002,1473.9332399999996,1473.9332399999996,0.9212802919998921,0.9033452500000294,0.0010230000000319706,0.0009638340000037715
azure:japaneast,gcp:us-west1,1,15.0,1000.0,1324.54395,2.088275272177423,1324.5439500000002,1473.9332399999996,1473.9332399999996,0.9616507079999792,0.8703892089999954,0.001028167000185931,0.0009548749999339634
azure:japaneast,gcp:us-west1,2,1.0,100.0,55.08,2.5006643408553835,55.08,55.08,55.08,0.8390117919998374,0.8703846250000424,0.0006763330000012502,0.0006240420000267477
azure:japaneast,gcp:us-west1,2,1.0,200.0,55.08,7.266103770784124,55.08,55.08,55.08,0.8608603329998914,0.9504038329998821,0.0006813750001128938,0.000597499999912543
azure:japaneast,gcp:us-west1,2,1.0,300.0,55.08,12.031543200712868,55.08,55.08,55.08,0.8538444999999228,0.8565139590000399,0.0007019580000360293,0.0006220000000212167
azure:japaneast,gcp:us-west1,2,1.0,500.0,55.08,21.56242206057035,55.08,55.08,55.08,0.857603250000011,0.8437786250001409,0.0007388750000245636,0.0006256659999053227
azure:japaneast,gcp:us-west1,2,1.0,1000.0,55.08,32.0,55.08,55.08,55.08,0.8880867919999673,0.8434291660000781,0.0007600839999213349,0.0006154590000733151
azure:japaneast,gcp:us-west1,2,2.0,100.0,109.62,3.0895955612622643,109.62,109.62,109.62,0.8685956250001254,0.8597638750002261,0.0006926669998392754,0.0006327500000224973
azure:japaneast,gcp:us-west1,2,2.0,200.0,109.62,8.977343176816191,109.62,109.62,109.62,0.8877020420000008,0.8523070420001204,0.0006869159999496333,0.0006074170000829326
azure:japaneast,gcp:us-west1,2,2.0,300.0,109.62,14.865090792370115,109.62,109.62,109.62,0.8605012919999808,0.8783625829998982,0.0007199169999694277,0.0006214590000581666
azure:japaneast,gcp:us-west1,2,2.0,500.0,109.62,26.640586023477965,109.62,109.62,109.62,0.8650190839998686,0.8526841249999961,0.0007270840001183387,0.0006167500000628934
azure:japaneast,gcp:us-west1,2,2.0,1000.0,109.62,32.0,109.62,109.62,109.62,0.8765604170000643,0.8410985830000755,0.0007862919999297446,0.0006173749998197309
azure:japaneast,gcp:us-west1,2,3.0,100.0,163.62,3.3528015525481436,163.62,163.62,163.62,0.8796159999999418,0.8702743750000081,0.0007068750001053559,0.0006339999999909196
azure:japaneast,gcp:us-west1,2,3.0,200.0,163.62,9.742132762739224,163.62,163.62,163.62,0.8810905000000275,0.8548667090001345,0.0007228330000543792,0.0006147910000890988
azure:japaneast,gcp:us-west1,2,3.0,300.0,163.62,16.13146397293031,163.62,163.62,163.62,0.8783517090000714,0.862888582999858,0.0006972920000407612,0.0006211670001903258
azure:japaneast,gcp:us-west1,2,3.0,500.0,163.62,28.910126393312474,163.62,163.62,163.62,0.8613074580000557,0.8490662909998719,0.0007374170002094615,0.000615165999988676
azure:japaneast,gcp:us-west1,2,3.0,1000.0,163.62,32.0,163.62,163.62,163.62,0.8659226669999498,0.8341669999999795,0.000753125000073851,0.0006345419999433943
azure:japaneast,gcp:us-west1,2,5.0,100.0,310.0185,1.8394045603271891,310.01849999999996,336.6,336.6,0.8700999589998446,0.8417259999998805,0.0006710000000111904,0.0006244579999474809
azure:japaneast,gcp:us-west1,2,5.0,200.0,296.32860000000005,1.8015288712931188,296.32860000000005,336.6,336.6,0.8517313750000994,0.8558112919999985,0.0006871250000131113,0.0006346249999751308
azure:japaneast,gcp:us-west1,2,5.0,300.0,296.32860000000005,3.9573702777348956,296.32860000000005,336.6,336.6,0.8506828330000644,0.8798980419999225,0.0007307500000024447,0.0006376659998750256
azure:japaneast,gcp:us-west1,2,5.0,500.0,296.32860000000005,8.269053090618446,296.32860000000005,336.6,336.6,0.9388469590001023,0.9024890830000913,0.000777165999807039,0.0006577909998668474
azure:japaneast,gcp:us-west1,2,5.0,1000.0,295.9307999999999,2.480873898337048,295.93079999999986,336.6,336.6,0.8989165000002686,0.8464030000000093,0.0007667499999115535,0.0006840410001132113
azure:japaneast,gcp:us-west1,2,8.0,100.0,576.0738000000001,1.8861621791111993,576.0738000000001,607.1400000000001,607.1400000000001,0.8635118749998583,0.883496957999796,0.0006708749997414998,0.0006082919999244041
azure:japaneast,gcp:us-west1,2,8.0,200.0,522.3186000000001,1.8251371081947987,522.3186000000002,607.1400000000001,607.1400000000001,0.8668573750001087,0.854067125000256,0.0006868339996799477,0.0006346250002025045
azure:japaneast,gcp:us-west1,2,8.0,300.0,522.3186000000001,4.009229860177982,522.3186000000001,607.1400000000001,607.1400000000001,0.8468137499999102,0.8695850409999366,0.0007001250000939763,0.0006402079998224508
azure:japaneast,gcp:us-west1,2,8.0,500.0,522.3186000000002,8.377415364144351,522.3186000000001,607.1400000000001,607.1400000000001,0.8830963750001501,0.8556997079999746,0.0007528329997512628,0.0006487499999821011
azure:japaneast,gcp:us-west1,2,8.0,1000.0,521.9208,2.485383349345401,521.9207999999999,607.1400000000001,607.1400000000001,0.8979320419998658,0.9352403339999,0.0007644170000276063,0.0006856670001980092
azure:japaneast,gcp:us-west1,2,10.0,100.0,756.6138,1.9022808230577368,756.6138,791.0388,791.0388,0.9137150000001384,0.8551517920000151,0.0007074589998410374,0.0006217919999471633
azure:japaneast,gcp:us-west1,2,10.0,200.0,686.7485999999999,1.8331446239678897,686.7485999999999,791.0388,791.0388,0.8818431250001595,0.8512702090001767,0.0006971249999878637,0.0006365410004036676
azure:japaneast,gcp:us-west1,2,10.0,300.0,686.7485999999999,4.026819755862629,686.7485999999999,791.0388,791.0388,0.8602704999998423,0.8697616250001374,0.0007242080000651185,0.0006535419997817371
azure:japaneast,gcp:us-west1,2,10.0,500.0,685.2905999999999,2.585482301090906,685.2905999999999,791.0388,791.0388,0.8550451669998438,0.8578181249999943,0.000780583000050683,0.0006779159998586692
azure:japaneast,gcp:us-west1,2,10.0,1000.0,684.4247999999999,2.486890144898247,684.4248,791.0388,791.0388,0.8580877919998784,0.8332497920000606,0.0007813329998498375,0.0007140420002542669
azure:japaneast,gcp:us-west1,2,12.0,100.0,937.5794999999998,1.4160983086839707,937.5794999999998,1007.5787999999998,1007.5787999999998,0.8960535000001073,0.9546512089996213,0.0006591250003111782,0.0006103749997237173
azure:japaneast,gcp:us-west1,2,12.0,200.0,867.1481999999999,1.838522117633076,867.1481999999999,1007.5787999999998,1007.5787999999998,0.8902931659999922,0.8464549580003222,0.0007058340002004115,0.0006413330002033035
azure:japaneast,gcp:us-west1,2,12.0,300.0,859.3362,2.6491859313849844,859.3362,1007.5787999999998,1007.5787999999998,0.8452186660001644,0.8691779999999198,0.0007288330002666044,0.0006629999998040148
azure:japaneast,gcp:us-west1,2,12.0,500.0,856.1465999999997,2.21419070544059,856.1465999999999,1007.5787999999998,1007.5787999999998,0.8658750829999917,0.8518469159998858,0.0008208330000343267,0.0006931249999979627
azure:japaneast,gcp:us-west1,2,12.0,1000.0,854.9765999999998,2.4878956906929375,854.9766,1007.5787999999998,1007.5787999999998,0.8868055840002853,0.8469517500002439,0.0007416670000566228,0.0006728329999532434
azure:japaneast,gcp:us-west1,2,15.0,100.0,1248.8706,1.4223687233261266,1248.8706,1272.1113899999996,1272.1113899999996,0.8695842080001057,0.8382497499997044,0.0006929169999239093,0.0006481249997705163
azure:japaneast,gcp:us-west1,2,15.0,200.0,1137.6881999999998,1.8439312536641204,1137.6882,1272.1113899999996,1272.1113899999996,0.88783391700008,0.8691619580004044,0.0007458749996658298,0.0006652910001321288
azure:japaneast,gcp:us-west1,2,15.0,300.0,1129.8761999999997,2.6581237247856926,1129.8762000000002,1272.1113899999996,1272.1113899999996,0.8529262089996337,0.8710995829997046,0.0007225829999697453,0.000676499999826774
azure:japaneast,gcp:us-west1,2,15.0,500.0,1126.1465999999996,2.2162452553140604,1126.1466,1272.1113899999996,1272.1113899999996,0.8775998339997386,0.8745260830000916,0.0007831249999981083,0.0006927919998815923
azure:japaneast,gcp:us-west1,2,15.0,1000.0,1124.9765999999997,2.488902049978602,1124.9766000000002,1272.1113899999996,1272.1113899999996,0.872212958000091,0.8402528329997949,0.0007752919996164565,0.0007114589998309384
azure:japaneast,gcp:us-west1,4,1.0,100.0,55.08,2.5006643408553835,55.08,55.08,55.08,0.8820544579998568,0.8596196670000609,0.0006611670000893355,0.0006158750002214219
azure:japaneast,gcp:us-west1,4,1.0,200.0,55.08,7.266103770784124,55.08,55.08,55.08,0.8646719999997003,0.8741245840001284,0.0007066670000313025,0.0006165830000099959
azure:japaneast,gcp:us-west1,4,1.0,300.0,55.08,12.031543200712868,55.08,55.08,55.08,0.8688931670003512,0.8560786249995544,0.0007066660000418779,0.0006174579998514673
azure:japaneast,gcp:us-west1,4,1.0,500.0,55.08,21.56242206057035,55.08,55.08,55.08,0.8498912500003826,0.840518166000038,0.0007260000002133893,0.0006138329999885173
azure:japaneast,gcp:us-west1,4,1.0,1000.0,55.08,32.0,55.08,55.08,55.08,0.8714216250000391,0.8438036249999641,0.0007316659998650721,0.0005944999998064304
azure:japaneast,gcp:us-west1,4,2.0,100.0,109.62,3.0895955612622643,109.62,109.62,109.62,0.8681587080000099,0.8546846250001181,0.0006676250000055006,0.0006147499998405692
azure:japaneast,gcp:us-west1,4,2.0,200.0,109.62,8.977343176816191,109.62,109.62,109.62,0.8460462909997659,0.8069264580003619,0.000673084000027302,0.0006001249998917046
azure:japaneast,gcp:us-west1,4,2.0,300.0,109.62,14.865090792370115,109.62,109.62,109.62,0.8405742079999072,0.8649398330003351,0.0006832499998381536,0.0005986669998492289
azure:japaneast,gcp:us-west1,4,2.0,500.0,109.62,26.640586023477965,109.62,109.62,109.62,0.858297666999988,0.8428631669999049,0.0007148750000851578,0.0006181250000736327
azure:japaneast,gcp:us-west1,4,2.0,1000.0,109.62,32.0,109.62,109.62,109.62,0.8690664999999171,0.8381001249999827,0.0007529999998041603,0.0005992080000396527
azure:japaneast,gcp:us-west1,4,3.0,100.0,163.62,3.3528015525481436,163.62,163.62,163.62,0.8563443329999245,0.8562133749996974,0.0006564999998772691,0.0006157499997243576
azure:japaneast,gcp:us-west1,4,3.0,200.0,163.62,9.742132762739224,163.62,163.62,163.62,0.875995458000034,0.8732697909999843,0.0006939999998394342,0.0006147919998511497
azure:japaneast,gcp:us-west1,4,3.0,300.0,163.62,16.13146397293031,163.62,163.62,163.62,0.8585071669999707,0.8876945829997567,0.0007194169998001598,0.0006160419998195721
azure:japaneast,gcp:us-west1,4,3.0,500.0,163.62,28.910126393312474,163.62,163.62,163.62,0.8587075000000368,0.8431824170002074,0.0007286659997589595,0.0006154580000838905
azure:japaneast,gcp:us-west1,4,3.0,1000.0,163.62,32.0,163.62,163.62,163.62,0.8671848330000103,0.8484715829999914,0.0007605840000906028,0.000652333000289218
azure:japaneast,gcp:us-west1,4,5.0,100.0,272.7,3.598016703691446,272.7,272.7,272.7,0.8563607090000005,0.8378602079997108,0.0006650829996033281,0.000623500000074273
azure:japaneast,gcp:us-west1,4,5.0,200.0,272.7,10.454646915584814,272.7,272.7,272.7,0.8556376669998826,0.858594499999981,0.0006909999997333216,0.0006118330002209404
azure:japaneast,gcp:us-west1,4,5.0,300.0,272.7,17.311277127478185,272.7,272.7,272.7,0.8495356250000441,0.8813922499998625,0.0006977079997341207,0.0006130830001893628
azure:japaneast,gcp:us-west1,4,5.0,500.0,272.7,31.024537551264924,272.7,272.7,272.7,0.8617392920000384,0.8966570000002321,0.0007373749999715073,0.0006337919999168662
azure:japaneast,gcp:us-west1,4,5.0,1000.0,272.7,32.0,272.7,272.7,272.7,0.9235412920002091,1.045013833000212,0.0007611249998262792,0.0006254999998418498
azure:japaneast,gcp:us-west1,4,8.0,100.0,468.657,1.8861621791111993,468.657,492.12,492.12,0.897430833999806,1.199573541999598,0.0006799580000915739,0.000619584000105533
azure:japaneast,gcp:us-west1,4,8.0,200.0,445.824,1.8251371081947703,445.824,492.12,492.12,0.8800700419997156,0.8602797499997905,0.0006733749996783445,0.0006221660000846896
azure:japaneast,gcp:us-west1,4,8.0,300.0,445.824,4.009229860177982,445.824,492.12,492.12,0.8745172500002809,0.8981626249997134,0.0007041660001050332,0.0006312919999800215
azure:japaneast,gcp:us-west1,4,8.0,500.0,445.824,8.377415364144351,445.824,492.12,492.12,0.8819301249995988,0.8657699580003282,0.000747999999930471,0.0006562909998137911
azure:japaneast,gcp:us-west1,4,8.0,1000.0,445.824,19.297879124060273,445.824,492.12,492.12,0.8787300829999367,0.8583217499999591,0.0007609999997839623,0.0006372500001816661
azure:japaneast,gcp:us-west1,4,10.0,100.0,619.4969999999998,1.9022808230577368,619.4969999999998,672.66,672.66,0.89026504200001,0.8793594159997156,0.0006612499996663246,0.0006609170000047015
azure:japaneast,gcp:us-west1,4,10.0,200.0,591.0372000000002,1.8331446239678897,591.0372000000002,672.66,672.66,0.861115124999742,0.8519165000002431,0.0007533749999311112,0.0006414589997802977
azure:japaneast,gcp:us-west1,4,10.0,300.0,591.0372000000002,4.026819755862629,591.0372000000002,672.66,672.66,0.8473098330000539,0.8647842089999358,0.0007132499999897846,0.0006395420000444574
azure:japaneast,gcp:us-west1,4,10.0,500.0,591.0372000000002,8.414170019652104,591.0372000000002,672.66,672.66,0.886353749999671,0.8572969169999851,0.0007507909999731055,0.0006405419999282458
azure:japaneast,gcp:us-west1,4,10.0,1000.0,590.2415999999998,2.486890144898247,590.2415999999998,672.66,672.66,0.8769381249999242,0.8381970000000365,0.0007457080000676797,0.0006844579997959954
azure:japaneast,gcp:us-west1,4,12.0,100.0,791.0676,1.9131805133891788,791.0676,852.66,852.66,0.8831575419999353,0.8563215829999535,0.0006680420001430321,0.0006188749998727872
azure:japaneast,gcp:us-west1,4,12.0,200.0,741.8772,1.838522117633076,741.8772,852.66,852.66,0.8771140409999134,0.870199459000105,0.000728291000086756,0.0006594999999833817
azure:japaneast,gcp:us-west1,4,12.0,300.0,741.8772000000001,4.038632352340219,741.8772,852.66,852.66,0.8646821249999448,0.8944511659997261,0.0007458750001205772,0.0006565409998984251
azure:japaneast,gcp:us-west1,4,12.0,500.0,741.8772000000002,8.438852821754509,741.8772,852.66,852.66,0.9222009579998485,0.8558777919997738,0.000793249999787804,0.0006549999998242129
azure:japaneast,gcp:us-west1,4,12.0,1000.0,741.0816000000001,2.4878956906929375,741.0815999999999,852.66,852.66,0.8974768329999279,0.8423697500002163,0.000754375000269647,0.0006780409999009862
azure:japaneast,gcp:us-west1,4,15.0,100.0,1061.6075999999998,1.924205829642613,1061.6075999999998,1123.2,1123.2,0.8739688340001521,0.847573083000043,0.0006706660001327691,0.0006209170001056918
azure:japaneast,gcp:us-west1,4,15.0,200.0,968.4072000000001,1.8439312536641204,968.4072000000001,1123.2,1123.2,0.8573234580003373,0.8502467910002451,0.0006939169998076977,0.0006369160000758711
azure:japaneast,gcp:us-west1,4,15.0,300.0,968.4071999999999,4.050514456756407,968.4072000000001,1123.2,1123.2,0.8549715839999408,0.8839248330000373,0.00069816700033698,0.0006373329997586552
azure:japaneast,gcp:us-west1,4,15.0,500.0,968.4072000000001,8.463680862940976,968.4071999999999,1123.2,1123.2,0.9123083329996007,0.8941204169996126,0.0007394999997814011,0.0006397500001185108
azure:japaneast,gcp:us-west1,4,15.0,1000.0,967.4091,2.488902049978602,967.4090999999999,1123.2,1123.2,0.8759674580001047,0.8743919159996949,0.0007302500002879242,0.0006633329999203852
gcp:europe-west1,azure:southeastasia,1,1.0,100.0,,,,,,0.8727542500000709,0.8609930830002668,0.0006446249999498832,0.0
gcp:europe-west1,azure:southeastasia,1,1.0,200.0,68.3244,1.2661071394941992,68.32440000000001,89.032635,89.032635,0.8487063329998819,0.8445933339999101,0.0006795419999434671,0.0006323749998955464
gcp:europe-west1,azure:southeastasia,1,1.0,300.0,68.32440000000001,3.879870846129503,68.32440000000001,89.032635,89.032635,0.8328566669997599,0.8670619589997841,0.0006758750000699365,0.0006057909999981348
gcp:europe-west1,azure:southeastasia,1,1.0,500.0,67.3497,2.0837678954456216,67.3497,89.032635,89.032635,0.8606836250000924,0.8657499590003681,0.0007382909998341347,0.0008729579999453563
gcp:europe-west1,azure:southeastasia,1,1.0,1000.0,67.34970000000001,5.098216721423679,67.3497,89.032635,89.032635,0.8845531249999112,0.9324802090000048,0.0007904170001893362,0.0006818749998274143
gcp:europe-west1,azure:southeastasia,1,2.0,100.0,,,,,,0.8774857909997991,0.8670648329998585,0.0006402499998330313,0.0
gcp:europe-west1,azure:southeastasia,1,2.0,200.0,160.788735,1.1621386187742502,160.788735,205.07849999999996,205.07849999999996,0.9280217919999814,0.8425656250001339,0.0006926670002940227,0.000637416000245139
gcp:europe-west1,azure:southeastasia,1,2.0,300.0,160.788735,4.061324395932946,160.788735,205.07849999999996,205.07849999999996,0.8832947920000151,0.8447158330000093,0.0007038339999780874,0.0006382500000654545
gcp:europe-west1,azure:southeastasia,1,2.0,500.0,159.63731999999996,2.1352609749585874,159.63731999999996,205.07849999999996,205.07849999999996,0.8514580410001145,0.8483857920000446,0.0007519999999203719,0.0006637500000579166
gcp:europe-west1,azure:southeastasia,1,2.0,1000.0,159.63731999999996,5.224201424223057,159.63731999999996,205.07849999999996,205.07849999999996,0.875916167000014,0.8582407919998332,0.0007377500000984583,0.0006430419998650905
gcp:europe-west1,azure:southeastasia,1,3.0,100.0,,,,,,0.8402686670001458,0.8363706669997555,0.0006257909999476396,0.0
gcp:europe-west1,azure:southeastasia,1,3.0,200.0,256.2228,1.0744910494987676,256.22279999999995,329.9093999999999,329.9093999999999,0.8493684590002886,0.8631433330001528,0.0007215830000859569,0.0006943339999452292
gcp:europe-west1,azure:southeastasia,1,3.0,300.0,255.8655,1.2120408563463734,255.86550000000008,329.9093999999999,329.9093999999999,0.8575506249999307,0.8545360000002802,0.0007256250000864384,0.0006822919999649457
gcp:europe-west1,azure:southeastasia,1,3.0,500.0,254.45565000000002,2.1529955752774192,254.45564999999996,329.9093999999999,334.5705,0.8464517910001632,0.9722964159996081,0.0007900409996182134,0.0007098750002114684
gcp:europe-west1,azure:southeastasia,1,3.0,1000.0,254.45565000000002,5.267591494725078,254.45564999999996,329.9093999999999,329.67359999999996,0.8768188330000157,0.8977413749998959,0.0007672080000702408,0.0006594999999833817
gcp:europe-west1,azure:southeastasia,1,5.0,100.0,,,,,,0.8523105000003852,0.8526340839998738,0.0006062090001250908,0.0
gcp:europe-west1,azure:southeastasia,1,5.0,200.0,457.1450099999999,1.0872760390384535,457.14501,568.4625000000001,568.4625000000001,0.9414504589999524,0.8795884579999438,0.0008196250000764849,0.0006989160001467098
gcp:europe-west1,azure:southeastasia,1,5.0,300.0,456.09030000000007,1.0995318279076116,456.09030000000007,568.4625000000001,568.4625000000001,0.8893013749998318,0.8555051250000361,0.0008265419996860146,0.000747083000078419
gcp:europe-west1,azure:southeastasia,1,5.0,500.0,453.893985,2.167396780973082,453.893985,568.4625000000001,568.4625000000001,0.8861299169998347,0.8602375000000393,0.0007730000002084125,0.0006915000003573368
gcp:europe-west1,azure:southeastasia,1,5.0,1000.0,453.893985,5.3028259696619315,453.893985,568.4625000000001,569.062305,0.9001272499999686,0.8499496670001463,0.0008101250000436266,0.0007028749996607075
gcp:europe-west1,azure:southeastasia,1,8.0,100.0,,,,,,0.8347774999997455,0.8726658330001555,0.0006252909997783718,0.0
gcp:europe-west1,azure:southeastasia,1,8.0,200.0,,,,,,0.8573498330001712,0.8695619159998387,0.000786041999617737,0.0
gcp:europe-west1,azure:southeastasia,1,8.0,300.0,,,,,,0.8248238339997442,0.8584966250000434,0.0009535829999549605,0.0
gcp:europe-west1,azure:southeastasia,1,8.0,500.0,,,,,,0.8584776249999777,0.8494707909999306,0.0012034159999529948,0.0
gcp:europe-west1,azure:southeastasia,1,8.0,1000.0,,,,,,0.8573231249997662,0.8347975830001815,0.0015840410001146665,0.0
gcp:europe-west1,azure:southeastasia,1,10.0,100.0,,,,,,0.8646117080002114,0.8353512080002474,0.0006300840000221797,0.0
gcp:europe-west1,azure:southeastasia,1,10.0,200.0,,,,,,0.839733625000008,0.8537112499998329,0.0008374580002055154,0.0
gcp:europe-west1,azure:southeastasia,1,10.0,300.0,,,,,,0.8669090840003264,0.8462329999997564,0.0009769590001269535,0.0
gcp:europe-west1,azure:southeastasia,1,10.0,500.0,,,,,,0.8460855829998764,0.8387457500002711,0.0012072080003235897,0.0
gcp:europe-west1,azure:southeastasia,1,10.0,1000.0,,,,,,0.8545126249996429,0.9496673330004342,0.0015917910000098345,0.0
gcp:europe-west1,azure:southeastasia,1,12.0,100.0,,,,,,0.8647459169997092,0.9172166250000373,0.0006212500002220622,0.0
gcp:europe-west1,azure:southeastasia,1,12.0,200.0,,,,,,0.8598297920002551,0.8782465409999531,0.0008156249996318365,0.0
gcp:europe-west1,azure:southeastasia,1,12.0,300.0,,,,,,0.85390150000012,0.839452958000038,0.0009635409996917588,0.0
gcp:europe-west1,azure:southeastasia,1,12.0,500.0,,,,,,0.8399125840001034,0.8727939999998853,0.0012559169999803999,0.0
gcp:europe-west1,azure:southeastasia,1,12.0,1000.0,,,,,,0.846755832999861,0.8401662500000384,0.0015674579999540583,0.0
gcp:europe-west1,azure:southeastasia,1,15.0,100.0,,,,,,0.869162082999992,0.8673182500001531,0.0006043749999662396,0.0
gcp:europe-west1,azure:southeastasia,1,15.0,200.0,,,,,,0.87369125000032,0.870556833000137,0.0008690419999766164,0.0
gcp:europe-west1,azure:southeastasia,1,15.0,300.0,,,,,,0.8981705420001163,0.8568555830001969,0.0009042920000865706,0.0
gcp:europe-west1,azure:southeastasia,1,15.0,500.0,,,,,,0.873675958000149,0.8460157500003334,0.0012305000000196742,0.0
gcp:europe-west1,azure:southeastasia,1,15.0,1000.0,,,,,,0.8610981249998986,0.8631792500000302,0.0015947090000736353,0.0
gcp:europe-west1,azure:southeastasia,2,1.0,100.0,,,,,,0.8394200420002562,0.8705578750000313,0.0006156249996820407,0.0
gcp:europe-west1,azure:southeastasia,2,1.0,200.0,55.62,3.9814405620696682,55.62,55.62,55.62,0.8633622090001154,0.8604376250000314,0.0006745420000697777,0.0006115829996815592
gcp:europe-west1,azure:southeastasia,2,1.0,300.0,55.62,7.507179381701786,55.62,55.62,55.62,0.8549051250001867,0.8694570419997945,0.0006682500002170855,0.0006088749996706611
gcp:europe-west1,azure:southeastasia,2,1.0,500.0,55.62,14.558657020966017,55.62,55.62,55.62,0.8950159579999308,0.8614489579999827,0.000702290999925026,0.0005947919999016449
gcp:europe-west1,azure:southeastasia,2,1.0,1000.0,55.62,32.0,55.62,55.62,55.62,0.8564148330001444,0.8343354169996928,0.0007173750000220025,0.0005945000002611778
gcp:europe-west1,azure:southeastasia,2,2.0,100.0,,,,,,0.8659002920003331,0.8500864170000568,0.0006194579996190441,0.0
gcp:europe-west1,azure:southeastasia,2,2.0,200.0,135.56879999999998,1.4139347978175714,135.5688,176.98527,176.98527,0.8917776660000527,0.8385235420000754,0.0006956659999559633,0.0006242079998628469
gcp:europe-west1,azure:southeastasia,2,2.0,300.0,135.56879999999998,4.332875338316136,135.5688,176.98527,176.98527,0.8615494160003436,0.8492754580001929,0.0007049170003483596,0.0006234159995983646
gcp:europe-west1,azure:southeastasia,2,2.0,500.0,133.07940000000002,2.1352609749585874,133.0794,176.98527,176.98527,0.9411365829996612,0.921367250000003,0.0007144159999370459,0.0006438750001507287
gcp:europe-west1,azure:southeastasia,2,2.0,1000.0,133.07940000000002,5.224201424223057,133.0794,176.98527,176.98527,0.8709448749996227,0.8716979159999028,0.0007754590001241013,0.0006558750001204317
gcp:europe-west1,azure:southeastasia,2,3.0,100.0,,,,,,0.8424666249998154,0.8542069159998391,0.0006222080000952701,0.0
gcp:europe-west1,azure:southeastasia,2,3.0,200.0,227.34747,1.4711924412806283,227.34747,306.21806999999995,306.21806999999995,0.8347501250000278,0.8707704580001518,0.0007096250001268345,0.0006335409998428077
gcp:europe-west1,azure:southeastasia,2,3.0,300.0,227.34747,4.508328557863963,227.34747,306.21806999999995,306.21806999999995,0.8670202090002022,0.8535750830001234,0.0007073339997987205,0.0006313330000011774
gcp:europe-west1,azure:southeastasia,2,3.0,500.0,224.43120000000002,2.152995575277418,224.43119999999996,306.21806999999995,306.21806999999995,0.8889258750000408,0.8555973329998778,0.0007268750000548607,0.0006528330000037386
gcp:europe-west1,azure:southeastasia,2,3.0,1000.0,224.43120000000002,5.267591494725078,224.43119999999996,306.21806999999995,306.21806999999995,0.9077438340000299,0.8605394579999484,0.0007978329999787093,0.0006867919996693672
gcp:europe-west1,azure:southeastasia,2,5.0,100.0,,,,,,0.8427854169999591,0.8416052080001464,0.0006197080001584254,0.0
gcp:europe-west1,azure:southeastasia,2,5.0,200.0,415.26747000000006,1.2490479478647813,415.26747000000006,540.1187999999999,540.1187999999999,0.8747200409998186,0.8586344999998801,0.0007651670002815081,0.0006634159999521216
gcp:europe-west1,azure:southeastasia,2,5.0,300.0,415.26747000000006,4.365046320983357,415.26747000000006,540.1187999999999,531.1872,0.8722101670000484,0.8486178749999453,0.00073579099989729,0.0006600000001526496
gcp:europe-west1,azure:southeastasia,2,5.0,500.0,412.42463999999995,2.167396780973082,412.42464,540.1187999999999,540.441,0.8818431250001595,0.890936999999667,0.0007530410002800636,0.0006789579997530382
gcp:europe-west1,azure:southeastasia,2,5.0,1000.0,412.42463999999995,5.3028259696619315,412.42463999999995,540.1187999999999,531.1872,0.8755806250001115,0.8652685000001838,0.0007713750001130393,0.0007645000000593427
gcp:europe-west1,azure:southeastasia,2,8.0,100.0,,,,,,0.837594583000282,0.8588144160003139,0.000687582999944425,0.0
gcp:europe-west1,azure:southeastasia,2,8.0,200.0,710.8947,1.1950677508497698,710.8947,903.4649999999999,903.4649999999999,0.8903336250000393,0.8518552079999608,0.0007180410002547433,0.0006599170001209131
gcp:europe-west1,azure:southeastasia,2,8.0,300.0,709.4654999999999,1.2294523642971669,709.4654999999999,903.4649999999999,903.4649999999999,0.8569815000000744,0.8344683750001423,0.0007580830001643335,0.0006821669999226287
gcp:europe-west1,azure:southeastasia,2,8.0,500.0,705.4263,2.175582442604611,705.4262999999999,903.4649999999999,911.4569999999999,0.8802966250000281,0.8572722919998341,0.0007737920000181475,0.0006957079999665439
gcp:europe-west1,azure:southeastasia,2,8.0,1000.0,705.4262999999999,5.322853285130699,705.4262999999999,903.4649999999999,910.2671999999999,0.9620555840001543,0.8644323339999573,0.0008125829999698908,0.0006841250001343724
gcp:europe-west1,azure:southeastasia,2,10.0,100.0,,,,,,0.8596969579998586,0.8639774590001252,0.000604000000294036,0.0
gcp:europe-west1,azure:southeastasia,2,10.0,200.0,913.75002,1.0970662418744261,913.75002,1133.6850000000002,1133.6850000000002,0.8555477909999354,0.836682749999909,0.0007317500003409805,0.0006993330002842413
gcp:europe-west1,azure:southeastasia,2,10.0,300.0,911.6406000000002,1.1028840316445994,911.6406000000002,1133.6850000000002,1133.6850000000002,0.8516363749999982,0.8920971669999744,0.0007901250000941218,0.0007154999998419953
gcp:europe-west1,azure:southeastasia,2,10.0,500.0,906.9477300000001,1.1137642013016489,906.9477300000002,1133.6850000000002,1133.6850000000002,0.9043908339999689,0.8546762910000325,0.0008271659999081749,0.0007579590001114411
gcp:europe-west1,azure:southeastasia,2,10.0,1000.0,906.9477300000002,2.7372798441424813,906.9477300000002,1133.6850000000002,1114.3458,0.9365783749999537,0.8687334589999409,0.0008169590000761673,0.0007314590002351906
gcp:europe-west1,azure:southeastasia,2,12.0,100.0,,,,,,0.8455977499997971,0.8492612499999268,0.000623832999735896,0.0
gcp:europe-west1,azure:southeastasia,2,12.0,200.0,1133.7691499999999,1.0987151092261165,1133.7691499999999,1393.7849999999996,1393.7849999999996,0.8739559169998756,0.8531391670003359,0.0007592919996568526,0.0007021250003163004
gcp:europe-west1,azure:southeastasia,2,12.0,300.0,1124.7475500000003,1.1039815290302144,1124.74755,1393.7849999999996,1393.7849999999996,0.8829247090002355,0.8623501250003756,0.000755624999783322,0.0007154580002861621
gcp:europe-west1,azure:southeastasia,2,12.0,500.0,1117.66572,1.0954643322031998,1117.66572,1393.7849999999996,1393.7849999999996,0.878968666000219,0.8447010830000181,0.0008235000000240689,0.0007450420002896863
gcp:europe-west1,azure:southeastasia,2,12.0,1000.0,1117.66572,2.738465428531974,1117.6657199999997,1393.7849999999996,1347.4872,0.9090432500001953,0.8682072910000898,0.000874875000135944,0.0007437919998665166
gcp:europe-west1,azure:southeastasia,2,15.0,100.0,,,,,,0.8538227499998357,0.8503131669999675,0.0006270839999160671,0.0
gcp:europe-west1,azure:southeastasia,2,15.0,200.0,,,,,,0.8525607920000766,0.8800061659999301,0.0008189589998437441,0.0
gcp:europe-west1,azure:southeastasia,2,15.0,300.0,,,,,,0.8326650839999274,0.8485127500002818,0.000962332999733917,0.0
gcp:europe-west1,azure:southeastasia,2,15.0,500.0,,,,,,0.8729251659997317,0.8946110829997451,0.0012225000000398722,0.0
gcp:europe-west1,azure:southeastasia,2,15.0,1000.0,,,,,,0.8551073329999781,0.8627428749996398,0.0015844579997974506,0.0
gcp:europe-west1,azure:southeastasia,4,1.0,100.0,,,,,,0.8575768330001665,0.8294031670002369,0.0006073340000511962,0.0
gcp:europe-west1,azure:southeastasia,4,1.0,200.0,55.62,3.9814405620696682,55.62,55.62,55.62,0.8767696250001791,0.8486548749997382,0.0006634169999415462,0.0006150829999569396
gcp:europe-west1,azure:southeastasia,4,1.0,300.0,55.62,7.507179381701786,55.62,55.62,55.62,0.8571546660000422,0.8665776249999908,0.0007742920001874154,0.0006015829999341804
gcp:europe-west1,azure:southeastasia,4,1.0,500.0,55.62,14.558657020966017,55.62,55.62,55.62,0.9305663749996711,0.8990377909999552,0.0007120830000530987,0.0006124579999777779
gcp:europe-west1,azure:southeastasia,4,1.0,1000.0,55.62,32.0,55.62,55.62,55.62,0.8674661670002024,0.8566254590000426,0.0007874580001043796,0.0006364999999277643
gcp:europe-west1,azure:southeastasia,4,2.0,100.0,,,,,,0.8397013750000042,0.8750296670000353,0.0006181670000842132,0.0
gcp:europe-west1,azure:southeastasia,4,2.0,200.0,110.7,4.635131016416022,110.7,110.7,110.7,0.8654865829998926,0.8680168749997392,0.0006544580000991118,0.0005949579999651178
gcp:europe-west1,azure:southeastasia,4,2.0,300.0,110.7,8.739741170426122,110.7,110.7,110.7,0.8801893340000788,0.8743193749996863,0.0006860419998702127,0.0006626659996982198
gcp:europe-west1,azure:southeastasia,4,2.0,500.0,110.7,16.94896147844632,110.7,110.7,110.7,0.8691084160000173,0.8726655830000709,0.0007584169998153811,0.0006357500001286098
gcp:europe-west1,azure:southeastasia,4,2.0,1000.0,110.7,32.0,110.7,110.7,110.7,0.8707199579998814,0.855632499999956,0.0007545420003225445,0.0006143330001577851
gcp:europe-west1,azure:southeastasia,4,3.0,100.0,,,,,,0.8805340829999295,0.861418083999979,0.0006238330001906434,0.0
gcp:europe-west1,azure:southeastasia,4,3.0,200.0,180.05759999999992,1.4711924412806283,180.0576,204.12053999999995,204.12053999999995,0.8757606659996782,0.8543077919998723,0.0006575830002475413,0.0006027499998708663
gcp:europe-west1,azure:southeastasia,4,3.0,300.0,180.0575999999999,4.508336209407293,180.0576,204.12053999999995,204.12053999999995,0.8849903330001325,0.8687262499997814,0.0006985830000303395,0.0006276250001064909
gcp:europe-west1,azure:southeastasia,4,3.0,500.0,174.53879999999998,2.1529955752774192,174.53879999999998,204.12053999999995,204.12053999999995,0.8965399169996999,0.8569705840000097,0.0007124170001588936,0.0006528330000037386
gcp:europe-west1,azure:southeastasia,4,3.0,1000.0,174.53879999999998,5.267591494725078,174.53879999999998,204.12053999999995,204.12053999999995,0.8591304169999603,0.8863216249997095,0.0007581660001960699,0.0006559579996974207
gcp:europe-west1,azure:southeastasia,4,5.0,100.0,,,,,,0.8455782500000169,0.8430310419998932,0.0006229999999050051,0.0
gcp:europe-west1,azure:southeastasia,4,5.0,200.0,361.6776000000001,1.5204492185485492,361.6776,500.04053999999996,500.04053999999996,0.8497374170001422,0.8629846669996368,0.000669666999783658,0.0006750000002284651
gcp:europe-west1,azure:southeastasia,4,5.0,300.0,361.6776000000001,4.6592791494909065,361.6776,500.04053999999996,500.04053999999996,0.8583085830000527,0.8467572500003371,0.000671833000069455,0.0006214999998519488
gcp:europe-west1,azure:southeastasia,4,5.0,500.0,355.61879999999996,2.167396780973082,355.61879999999996,500.04053999999996,500.04053999999996,0.8598601250000684,0.8411632499996813,0.0007471250000889995,0.0006556660000569536
gcp:europe-west1,azure:southeastasia,4,5.0,1000.0,355.61879999999996,5.3028259696619315,355.61879999999996,500.04053999999996,500.04053999999996,0.9025760829999854,0.859679082999719,0.0007900420000623853,0.0006825840000601602
gcp:europe-west1,azure:southeastasia,4,8.0,100.0,,,,,,0.841829166000025,0.8433912919999784,0.0006140420000519953,0.0
gcp:europe-west1,azure:southeastasia,4,8.0,200.0,641.53494,1.272863471354017,641.53494,815.9939999999999,815.9939999999999,0.880016957999942,0.8585044169999492,0.000698750000083237,0.0006414589997802977
gcp:europe-west1,azure:southeastasia,4,8.0,300.0,641.53494,4.448210011946448,641.53494,815.9939999999999,815.9939999999999,0.8599130409997997,0.8487980840000091,0.0007194170002549072,0.0006402909998541872
gcp:europe-west1,azure:southeastasia,4,8.0,500.0,635.3092799999998,2.175582442604611,635.3092799999998,815.9939999999999,815.9939999999999,0.8603252910002084,0.8722839590000149,0.0007333749999816064,0.0006437910001295677
gcp:europe-west1,azure:southeastasia,4,8.0,1000.0,635.30928,5.322853285130698,635.3092799999998,815.9939999999999,815.9939999999999,0.8955314589998125,0.8665814999999384,0.0007729590001872566,0.0006715829999848211
gcp:europe-west1,azure:southeastasia,4,10.0,100.0,,,,,,0.8378588330001548,0.8632299589999093,0.0006210000001374283,0.0
gcp:europe-west1,azure:southeastasia,4,10.0,200.0,829.99494,1.280980205761992,829.99494,1077.5375999999997,1077.5375999999997,0.8762927910001963,0.8503019170002517,0.0007171249999373686,0.0006585419996554265
gcp:europe-west1,azure:southeastasia,4,10.0,300.0,829.99494,4.476639943224356,829.99494,1077.5375999999997,1060.2144,0.8594747920001282,0.8383807089999209,0.000751749999835738,0.0006547500001943263
gcp:europe-west1,azure:southeastasia,4,10.0,500.0,823.5994499999998,1.113764201301649,823.5994499999999,1077.5375999999997,1077.5375999999997,0.9113289590000022,0.9113068330002534,0.0007443750000675209,0.0006931249999979627
gcp:europe-west1,azure:southeastasia,4,10.0,1000.0,823.5994499999995,2.7372798441424813,823.5994499999993,1077.5375999999997,1060.2144,0.8793283750001137,0.8548577910000859,0.0008161670002664323,0.0007015000001047156
gcp:europe-west1,azure:southeastasia,4,12.0,100.0,,,,,,0.866108417000305,0.8573423329999059,0.0006307500002549205,0.0
gcp:europe-west1,azure:southeastasia,4,12.0,200.0,1022.1912,1.0987151092261163,1022.1912000000008,1313.1575999999995,1313.1575999999995,0.8637589999998454,0.834123666999858,0.0007248749998325366,0.0007173750000220025
gcp:europe-west1,azure:southeastasia,4,12.0,300.0,1021.6592999999999,1.2329948686353833,1021.6592999999999,1313.1575999999995,1313.1575999999995,0.8593689580002319,0.8887795830000869,0.0007424999998875137,0.0006704590000481403
gcp:europe-west1,azure:southeastasia,4,12.0,500.0,1014.5826000000001,2.1801568052347844,1014.5825999999998,1313.1575999999995,1330.182,0.8939394159997391,0.884929542000009,0.0007329159998334944,0.0006589170002371247
gcp:europe-west1,azure:southeastasia,4,12.0,1000.0,1014.5826000000001,5.334045074821836,1014.5826000000035,1313.1575999999995,1312.2144,0.8867639159998362,0.8949191659999087,0.000765540999964287,0.0006568750000042201
gcp:europe-west1,azure:southeastasia,4,15.0,100.0,,,,,,0.8440715000001546,0.8411812089998421,0.0007349580000663991,0.0
gcp:europe-west1,azure:southeastasia,4,15.0,200.0,1321.1694000000002,1.2106226914619516,1321.1694000000002,1677.6899999999998,1677.6899999999998,0.8650058749999516,0.8413431670001046,0.0007372919999397709,0.0006752499998583517
gcp:europe-west1,azure:southeastasia,4,15.0,300.0,1319.2155,1.1086259644256948,1319.2155000000002,1677.6899999999998,1677.6899999999998,0.9168938329999037,1.0525500829999146,0.0008262500000455475,0.0008601660001659184
gcp:europe-west1,azure:southeastasia,4,15.0,500.0,1309.9248000000002,1.1147294176467601,1309.9248,1677.6899999999998,1677.6899999999998,0.8819575840002472,0.8559622500001751,0.0007646670001122402,0.0007073750002746237
gcp:europe-west1,azure:southeastasia,4,15.0,1000.0,1309.9248,2.739652040379013,1309.9248,1677.6899999999998,1678.9104,0.9125267920003353,0.8668759580000369,0.0008119160002024728,0.000725665999652847
azure:westeurope,gcp:southamerica-east1,1,1.0,100.0,,,,,,0.8492547079999895,0.8553899160001492,0.0006296669998846482,0.0
azure:westeurope,gcp:southamerica-east1,1,1.0,200.0,76.77,3.390940375016285,76.77,79.92,76.77000000000001,0.8392359170002237,0.874090041999807,0.0006696250002278248,0.0006197499997142586
azure:westeurope,gcp:southamerica-east1,1,1.0,300.0,76.77,7.103174624308789,76.77,79.92,76.77000000000001,0.8637611660001312,0.8661060419999558,0.0007228330000543792,0.0006447920000027807
azure:westeurope,gcp:southamerica-east1,1,1.0,500.0,75.474,1.6987290111940432,75.474,79.92,79.92,0.8536561250002705,0.8754655420002564,0.0007044159997349198,0.0006440420002036262
azure:westeurope,gcp:southamerica-east1,1,1.0,1000.0,75.474,3.797609608208969,75.474,79.92,76.77000000000001,0.8659913329997835,0.8603637500000332,0.0007697080000070855,0.0006574160001946439
azure:westeurope,gcp:southamerica-east1,1,2.0,100.0,,,,,,0.8468156660001114,0.8773230830001921,0.0006222919996616838,0.0
azure:westeurope,gcp:southamerica-east1,1,2.0,200.0,151.92,3.982264290586233,151.92,160.00199999999998,151.92000000000002,0.8775057080001716,0.8554654160002428,0.0006805419998272555,0.0006189169998833677
azure:westeurope,gcp:southamerica-east1,1,2.0,300.0,151.92,8.34185079295219,151.92,160.00199999999998,151.92000000000002,0.844202457999927,0.8497391669998251,0.0007085000002007291,0.0006235830001060094
azure:westeurope,gcp:southamerica-east1,1,2.0,500.0,150.624,1.7277395635673756,150.624,160.00199999999998,160.00199999999998,0.8449537919996146,0.8838981670000976,0.0007426669999404112,0.0006582080000043788
azure:westeurope,gcp:southamerica-east1,1,2.0,1000.0,150.624,3.8624644212523833,150.624,160.00199999999998,151.92000000000002,0.8703834170000846,0.8628099160000602,0.0007949999999254942,0.0006575419997716381
azure:westeurope,gcp:southamerica-east1,1,3.0,100.0,,,,,,0.8466115000001082,0.8741895829998612,0.0006511249998766289,0.0
azure:westeurope,gcp:southamerica-east1,1,3.0,200.0,230.50169999999997,4.037660279905449,230.50169999999997,265.788,230.5017,0.8433646660000704,0.8482290419997298,0.0006785410000702541,0.0006342910000967095
azure:westeurope,gcp:southamerica-east1,1,3.0,300.0,230.105835,2.8229521448230948,230.105835,265.788,231.01199999999997,0.8523036249998768,0.841457791999801,0.0006903749999764841,0.0006346249997477571
azure:westeurope,gcp:southamerica-east1,1,3.0,500.0,228.69643499999998,1.737631202290089,228.69643499999998,265.788,236.9925,0.8763187499998821,0.8514664169997559,0.0007207909998214745,0.0006513749999612628
azure:westeurope,gcp:southamerica-east1,1,3.0,1000.0,228.69643499999998,3.8845777671755854,228.69643499999998,265.788,230.5017,0.8707159169998704,0.8552187919999596,0.0007497500000681612,0.0006715829999848211
azure:westeurope,gcp:southamerica-east1,1,5.0,100.0,,,,,,0.8367574590001823,0.8643014580002273,0.000638749999779975,0.0
azure:westeurope,gcp:southamerica-east1,1,5.0,200.0,394.6212,1.190182481957613,394.6212,560.6028,526.8303,0.8622834170000715,0.8503218750001906,0.0007041250000838772,0.0006459580004047893
azure:westeurope,gcp:southamerica-east1,1,5.0,300.0,389.32605,2.8835113937757946,389.32605,560.6028,441.0459,0.848145250000016,0.864053082999817,0.0008835829999043199,0.001826249999794527
azure:westeurope,gcp:southamerica-east1,1,5.0,500.0,387.8680499999999,1.7456264378834483,387.8680499999999,560.6028,441.0459,0.8543931669996709,0.8668415000001914,0.0007206670002233295,0.000649125000109052
azure:westeurope,gcp:southamerica-east1,1,5.0,1000.0,387.8680499999999,3.9024515912576803,387.8680499999999,560.6028,441.0459,0.9073013749998609,0.8523479159998715,0.0007959160002428689,0.0006801250001444714
azure:westeurope,gcp:southamerica-east1,1,8.0,100.0,,,,,,0.8664468749998377,0.8531107499998143,0.0006052909998288669,0.0
azure:westeurope,gcp:southamerica-east1,1,8.0,200.0,774.6357599999999,1.213168286828665,774.6357599999999,829.7271000000002,829.7271000000001,0.8763441249998323,0.8366425829999571,0.0007299999997485429,0.0006821669999226287
azure:westeurope,gcp:southamerica-east1,1,8.0,300.0,723.74355,1.0670474143139543,723.74355,829.7271000000002,829.7271000000001,0.8598087089999353,0.8756930000004104,0.0007674580001548748,0.0007136669996725686
azure:westeurope,gcp:southamerica-east1,1,8.0,500.0,718.1756999999999,1.7501561749159187,718.1757000000001,829.7271000000002,829.7271000000001,0.8664674159999777,0.8425645839997742,0.0007997909997357056,0.0007189170000856393
azure:westeurope,gcp:southamerica-east1,1,8.0,1000.0,716.4908999999999,1.321975812437497,716.4909000000001,829.7271000000002,829.7271000000001,0.8556180420000601,0.8733885840001676,0.0008375419997719291,0.0007762079999338312
azure:westeurope,gcp:southamerica-east1,1,10.0,100.0,,,,,,0.8546065000000453,0.8626779159999387,0.0006246250000003783,0.0
azure:westeurope,gcp:southamerica-east1,1,10.0,200.0,1103.9161499999998,1.1801244645203646,1103.91615,,,0.8451652920002743,0.844118625000192,0.000810667000223475,0.0007141659998524119
azure:westeurope,gcp:southamerica-east1,1,10.0,300.0,1024.6441499999999,1.068244722966033,1024.6441499999999,1066.1715000000002,1066.1715,0.8889847909999844,0.8488662919999115,0.0008780419998402067,0.0008066249997682462
azure:westeurope,gcp:southamerica-east1,1,10.0,500.0,1012.0819499999999,1.0226298036417631,1012.0819499999999,1066.1715000000002,1066.1715,0.8583058750000419,0.8470438330000434,0.0009562499999447027,0.0008499589998791635
azure:westeurope,gcp:southamerica-east1,1,10.0,1000.0,1003.2478199999999,1.3224404995809245,1003.2478199999999,1066.1715000000002,1066.1715,0.8751779580002221,0.8697622089998731,0.0009661670001150924,0.000883541999883164
azure:westeurope,gcp:southamerica-east1,1,12.0,100.0,,,,,,0.848275792000095,0.8436696660000962,0.0006035409996911767,0.0
azure:westeurope,gcp:southamerica-east1,1,12.0,200.0,1466.7295500000005,1.1819323479709993,1466.72955,,,0.8607065840001269,0.8640855410003496,0.0007792500000505242,0.0007144159999370459
azure:westeurope,gcp:southamerica-east1,1,12.0,300.0,1358.4235049999997,1.06904442259791,1358.4235050000002,,,0.9463515419997748,0.8877847499998097,0.0008888329998626432,0.0008285419999083388
azure:westeurope,gcp:southamerica-east1,1,12.0,500.0,1343.3693399999997,1.0001511198921875,1343.3693400000004,,,1.2148618330002137,0.8611348340000404,0.0011518340002112382,0.0010786670000015874
azure:westeurope,gcp:southamerica-east1,1,12.0,1000.0,1331.10756,1.2697462797015717,1331.10756,,,0.907602499999939,0.8687061249997896,0.0015339999999923748,0.0014223339999261952
azure:westeurope,gcp:southamerica-east1,1,15.0,100.0,,,,,,0.8498833749999903,0.844104542000423,0.0006204999999681604,0.0
azure:westeurope,gcp:southamerica-east1,1,15.0,200.0,,,,,,0.8340196249996552,0.8675785830000677,0.0007772500002829474,0.0
azure:westeurope,gcp:southamerica-east1,1,15.0,300.0,,,,,,0.8521387910000158,0.8477723750002042,0.0009330000002591987,0.0
azure:westeurope,gcp:southamerica-east1,1,15.0,500.0,,,,,,0.8501366670002426,0.869202709000092,0.0011352080000506248,0.0
azure:westeurope,gcp:southamerica-east1,1,15.0,1000.0,,,,,,0.856342874999882,0.8646811670000716,0.0015436670000781305,0.0
azure:westeurope,gcp:southamerica-east1,2,1.0,100.0,,,,,,0.8526485420002246,0.8348706249998941,0.0006469999998444109,0.0
azure:westeurope,gcp:southamerica-east1,2,1.0,200.0,76.77,3.390940375016285,76.77,79.92,76.77000000000001,0.8692982500001563,0.8613490409998121,0.0006766250003238383,0.0006201670003065374
azure:westeurope,gcp:southamerica-east1,2,1.0,300.0,76.77,7.103174624308789,76.77,79.92,76.77000000000001,0.8539175000000796,0.8533546250000654,0.0006792499998482526,0.00061654199998884
azure:westeurope,gcp:southamerica-east1,2,1.0,500.0,74.71799999999999,1.6987290111940432,74.71799999999999,79.92,79.92,0.8553772089999256,0.8879207499999211,0.0007183340003393823,0.0006463750000875734
azure:westeurope,gcp:southamerica-east1,2,1.0,1000.0,74.71799999999999,3.797609608208969,74.71799999999999,79.92,76.77000000000001,0.8713782919999176,0.8466840840001169,0.000746832999993785,0.0006471669998973084
azure:westeurope,gcp:southamerica-east1,2,2.0,100.0,,,,,,0.8385555419999946,0.8792505420001362,0.0006269999998949061,0.0
azure:westeurope,gcp:southamerica-east1,2,2.0,200.0,151.92,3.982264290586233,151.92,158.76,151.92000000000002,0.8984927090000383,0.879417750000357,0.0006691250000585569,0.0006069999999454012
azure:westeurope,gcp:southamerica-east1,2,2.0,300.0,151.92,8.34185079295219,151.92,158.76,151.92000000000002,0.8545997919995898,0.8401951249998092,0.0006942499999240681,0.0006647079999311245
azure:westeurope,gcp:southamerica-east1,2,2.0,500.0,149.868,1.7277395635673756,149.868,158.76,158.76,0.8721632920000957,0.8415290829998412,0.0007212499999695865,0.000653000000056636
azure:westeurope,gcp:southamerica-east1,2,2.0,1000.0,149.868,3.8624644212523833,149.868,158.76,151.92000000000002,0.8693706660001226,0.8577995410000767,0.0007367089997387666,0.0006383340000866156
azure:westeurope,gcp:southamerica-east1,2,3.0,100.0,,,,,,0.8434461659999215,0.8629119170000195,0.0006298749999587017,0.0
azure:westeurope,gcp:southamerica-east1,2,3.0,200.0,228.14999999999998,4.2280304857497875,228.14999999999998,238.73399999999998,228.14999999999998,0.852272166000148,0.847122207999746,0.0006738750003023597,0.0006211669997355784
azure:westeurope,gcp:southamerica-east1,2,3.0,300.0,228.14999999999998,8.856669695065822,228.14999999999998,238.73399999999998,228.14999999999998,0.857577124999807,0.8347436660001222,0.0007194160002654826,0.0006260419995669508
azure:westeurope,gcp:southamerica-east1,2,3.0,500.0,225.55799999999996,1.737631202290089,225.55799999999996,238.73399999999998,238.73399999999998,0.875472291999813,0.8663493750000271,0.0007213330000013229,0.0006476250000559958
azure:westeurope,gcp:southamerica-east1,2,3.0,1000.0,225.55799999999996,3.8845777671755854,225.55799999999996,238.73399999999998,228.14999999999998,0.8698283749999973,0.8470855410000695,0.0007800409998708346,0.0006651670000792365
azure:westeurope,gcp:southamerica-east1,2,5.0,100.0,,,,,,0.8298888340000303,0.8645174160001261,0.000608542000009038,0.0
azure:westeurope,gcp:southamerica-east1,2,5.0,200.0,381.6234,4.217521455444103,381.6234,414.306,381.62339999999995,0.8904892499999733,0.8458537500000602,0.0006858750002720626,0.0006252920002225437
azure:westeurope,gcp:southamerica-east1,2,5.0,300.0,380.61809999999997,2.8835113937757946,380.61809999999997,414.306,381.62339999999995,0.8539359579999655,0.8646827080001458,0.0006827500001236331,0.0006136250003692112
azure:westeurope,gcp:southamerica-east1,2,5.0,500.0,377.7021,1.7456264378834483,377.7021,414.306,397.21500000000003,0.8600027090001277,0.8634850420003204,0.0007129169998734142,0.0007896249999248539
azure:westeurope,gcp:southamerica-east1,2,5.0,1000.0,377.7021,3.9024515912576803,377.7021,414.306,381.62339999999995,0.9284394169999359,1.6611652910000885,0.0008094999998320418,0.000759042000026966
azure:westeurope,gcp:southamerica-east1,2,8.0,100.0,,,,,,1.010659499999747,0.9078816249998454,0.0007091249999575666,0.0
azure:westeurope,gcp:southamerica-east1,2,8.0,200.0,620.406,4.272294568687758,620.406,800.0855999999999,620.4060000000001,0.9396344589999899,0.9180399580000085,0.000894124999831547,0.0007406670001728344
azure:westeurope,gcp:southamerica-east1,2,8.0,300.0,618.2720999999999,2.9187317442126712,618.2720999999999,800.0855999999999,620.4060000000001,0.905407415999889,0.9141161249999641,0.0006958339999982854,0.0006203749999258434
azure:westeurope,gcp:southamerica-east1,2,8.0,500.0,615.16215,1.7501561749159187,615.16215,800.0855999999999,623.745,0.9361031249995904,0.9041508340001201,0.0008858750002218585,0.0007234160002553836
azure:westeurope,gcp:southamerica-east1,2,8.0,1000.0,615.16215,3.912578087457966,615.16215,800.0855999999999,620.4060000000001,1.0015600420001647,0.9529654580001079,0.0007747079998807749,0.0006752079998477711
azure:westeurope,gcp:southamerica-east1,2,10.0,100.0,,,,,,0.8868859590002103,0.9854917500001648,0.0006295829998634872,0.0
azure:westeurope,gcp:southamerica-east1,2,10.0,200.0,787.6224000000001,1.2210287984529025,787.6224000000001,1119.5855999999999,1052.0405999999998,0.9215901669999766,0.8938857090001875,0.000702499999988504,0.0006356670000968734
azure:westeurope,gcp:southamerica-east1,2,10.0,300.0,778.1121,2.9306638405797045,778.1121,1119.5855999999999,881.0118,0.9001507080001829,0.8757844579999983,0.0007252909999806434,0.000656665999940742
azure:westeurope,gcp:southamerica-east1,2,10.0,500.0,775.1960999999999,1.7516713158907393,775.1960999999999,1119.5855999999999,881.0118,1.0456477080001605,1.3519516669998666,0.0009015000000545115,0.0008142910000970005
azure:westeurope,gcp:southamerica-east1,2,10.0,1000.0,775.1960999999999,3.9159652751058225,775.1960999999999,1119.5855999999999,881.0118,1.3216172080001343,1.1393911669997578,0.000822417000108544,0.0007057919997350837
azure:westeurope,gcp:southamerica-east1,2,12.0,100.0,,,,,,1.2845066660001976,1.084462750000057,0.0006199999997988925,0.0
azure:westeurope,gcp:southamerica-east1,2,12.0,200.0,1015.6212000000002,1.2263259748270237,1015.6212000000002,1306.8036,1200.5118,0.9113456250001946,0.9168174169999475,0.0007643750000170257,0.0006739579998793488
azure:westeurope,gcp:southamerica-east1,2,12.0,300.0,983.0961,1.0690444225979086,983.0960999999996,1306.8036,1306.8036,0.8761674580000545,0.8976215000002412,0.0007247500002449669,0.0006701250003970927
azure:westeurope,gcp:southamerica-east1,2,12.0,500.0,972.6714000000002,1.7526828681424576,972.6713999999997,1306.8036,1200.5118,0.8818746659999306,0.8533802910001214,0.0007534169999416918,0.0006745830000909336
azure:westeurope,gcp:southamerica-east1,2,12.0,1000.0,969.3018000000003,1.322750472543504,969.3017999999998,1306.8036,1200.5118,0.9003088330000537,1.2358317500002158,0.0007952500000101281,0.0007039170000098238
azure:westeurope,gcp:southamerica-east1,2,15.0,100.0,,,,,,0.8934341669996684,0.8693548339997506,0.0006067499998607673,0.0
azure:westeurope,gcp:southamerica-east1,2,15.0,200.0,1393.04628,1.23166931283259,1393.04628,1547.9496,1547.9496,0.889025083999968,0.9018872090000514,0.0007543749998148996,0.0007940000000417058
azure:westeurope,gcp:southamerica-east1,2,15.0,300.0,1330.5860999999998,1.0698453204544975,1330.5860999999998,1547.9496,1547.9496,0.8907356670001718,0.8764344159999382,0.0007521249999626889,0.0006886659998599498
azure:westeurope,gcp:southamerica-east1,2,15.0,500.0,1320.1614000000002,1.7536955893682702,1320.1614,1547.9496,1547.9496,0.8827374170000439,0.9097632500001964,0.0009000420000120357,0.0007240830000228016
azure:westeurope,gcp:southamerica-east1,2,15.0,1000.0,1316.2518000000005,1.323060590852151,1316.2518,1547.9496,1547.9496,0.9076792079999905,0.8797915000000103,0.0008531660000699048,0.0008004579999578709
azure:westeurope,gcp:southamerica-east1,4,1.0,100.0,,,,,,0.8632898749997366,0.8681302089999008,0.0006456249998336716,0.0
azure:westeurope,gcp:southamerica-east1,4,1.0,200.0,76.77,3.390940375016285,76.77,79.92,76.77000000000001,0.9007601250000334,0.8782061659999272,0.0006811250000282598,0.0006146670002635801
azure:westeurope,gcp:southamerica-east1,4,1.0,300.0,76.77,7.103174624308789,76.77,79.92,76.77000000000001,0.880787749999854,0.8731921250000596,0.0007748749999336724,0.0006430420003198378
azure:westeurope,gcp:southamerica-east1,4,1.0,500.0,73.206,1.6987290111940432,73.206,79.92,79.92,0.9002909169998929,0.9249138340001082,0.0007152089997362054,0.0006417079998755071
azure:westeurope,gcp:southamerica-east1,4,1.0,1000.0,73.206,3.797609608208969,73.206,79.92,76.77000000000001,0.9058114580002439,0.8805572910000592,0.0007540420001532766,0.0006812080000599963
azure:westeurope,gcp:southamerica-east1,4,2.0,100.0,,,,,,0.9079120420001345,0.8939222499998323,0.0006234160000531119,0.0
azure:westeurope,gcp:southamerica-east1,4,2.0,200.0,151.92,3.982264290586233,151.92,158.76,151.92000000000002,0.9205195829999866,0.9079766669997298,0.0006648339999628661,0.0006187909998516261
azure:westeurope,gcp:southamerica-east1,4,2.0,300.0,151.92,8.34185079295219,151.92,158.76,151.92000000000002,0.9037243329999001,0.8827360840000438,0.0006969999999455467,0.000621083999703842
azure:westeurope,gcp:southamerica-east1,4,2.0,500.0,148.3560000000001,1.7277395635673756,148.356,158.76,158.76,0.90900795799962,0.888829916999839,0.0007321670000237646,0.0006503750000774744
azure:westeurope,gcp:southamerica-east1,4,2.0,1000.0,148.356,3.8624644212523833,148.356,158.76,151.92000000000002,0.9006589999999051,0.8818617080000877,0.0007859580000513233,0.0006634169999415462
azure:westeurope,gcp:southamerica-east1,4,3.0,100.0,,,,,,0.8908885000000737,0.8936593750004249,0.000650292000045738,0.0
azure:westeurope,gcp:southamerica-east1,4,3.0,200.0,228.14999999999998,4.2280304857497875,228.14999999999998,238.14000000000001,228.14999999999998,1.0319844580003519,0.9398242500001288,0.0006833749998804706,0.0006243749999157444
azure:westeurope,gcp:southamerica-east1,4,3.0,300.0,228.14999999999998,8.856669695065822,228.14999999999998,238.14000000000001,228.14999999999998,0.9174366250003914,0.9079025000000911,0.0006936670001778111,0.0006994160003159777
azure:westeurope,gcp:southamerica-east1,4,3.0,500.0,224.04599999999996,1.737631202290089,224.04599999999996,238.14000000000001,238.14000000000001,0.8929459159999169,0.8756842499997219,0.0007362080000348215,0.0006474580000030983
azure:westeurope,gcp:southamerica-east1,4,3.0,1000.0,224.04599999999996,3.8845777671755854,224.046,238.14000000000001,228.14999999999998,0.910728625000047,0.8733457080002154,0.000759708999794384,0.000664542000322399
azure:westeurope,gcp:southamerica-east1,4,5.0,100.0,,,,,,0.8962532499999725,0.8739409999998315,0.0006237080001483264,0.0
azure:westeurope,gcp:southamerica-east1,4,5.0,200.0,378.99,4.447619005391989,378.99,396.738,378.99,0.8947944579999785,0.8755615000000034,0.0006735420001859893,0.0006175830003485316
azure:westeurope,gcp:southamerica-east1,4,5.0,300.0,378.99,9.316652893828067,378.99,396.738,378.99,0.892976125000132,0.8958994579998034,0.0006946670000615995,0.0006139160000202537
azure:westeurope,gcp:southamerica-east1,4,5.0,500.0,374.34599999999995,1.7456264378834483,374.34599999999995,396.738,396.738,1.0102467080000679,0.9095281249997242,0.0007122499996512488,0.0006550420002895407
azure:westeurope,gcp:southamerica-east1,4,5.0,1000.0,374.34599999999995,3.9024515912576803,374.34599999999995,396.738,378.99,0.8928193749998172,0.9055914169998687,0.0008972499999799766,0.000645500000246102
azure:westeurope,gcp:southamerica-east1,4,8.0,100.0,,,,,,0.8742636669999229,0.8732865410001978,0.0006088330001148279,0.0
azure:westeurope,gcp:southamerica-east1,4,8.0,200.0,606.06,4.581462790917509,606.06,637.308,606.0600000000001,0.8788020000001779,0.8729522079997878,0.0006790420002289466,0.0006200000002536399
azure:westeurope,gcp:southamerica-east1,4,8.0,300.0,606.06,9.597022253304559,606.06,637.308,606.0600000000001,0.9869124159999956,0.8813053750000108,0.0006831669998064172,0.0006133330002739967
azure:westeurope,gcp:southamerica-east1,4,8.0,500.0,600.876,1.7501561749159187,600.876,637.308,637.308,0.8856820840001092,0.8719467500000064,0.0007383340002888872,0.0006512089998977899
azure:westeurope,gcp:southamerica-east1,4,8.0,1000.0,600.876,3.912578087457966,600.876,637.308,606.0600000000001,0.8861907089999477,0.8966874170000665,0.0007468750000043656,0.0006505000001197914
azure:westeurope,gcp:southamerica-east1,4,10.0,100.0,,,,,,0.8702004589999888,0.8699606250002034,0.0006146250002529996,0.0
azure:westeurope,gcp:southamerica-east1,4,10.0,200.0,762.7068,4.363296659138598,762.7068,827.532,762.7067999999999,0.883177292000255,0.8957928750000974,0.0006899999998495332,0.0006209170001056918
azure:westeurope,gcp:southamerica-east1,4,10.0,300.0,760.5833399999999,2.9306638405797045,760.5833399999999,827.532,762.7067999999999,0.888672958999905,0.8788766249999753,0.0007197919999271107,0.0006674999999631837
azure:westeurope,gcp:southamerica-east1,4,10.0,500.0,754.8642,1.7516713158907393,754.8642,827.532,793.3500000000001,0.9102800830000888,0.8780725419996998,0.0007644170000276063,0.0007896659999460098
azure:westeurope,gcp:southamerica-east1,4,10.0,1000.0,754.8642,3.9159652751058225,754.8642,827.532,762.7067999999999,0.915606208999634,0.875705458000084,0.0007617920000484446,0.0006579589999091695
azure:westeurope,gcp:southamerica-east1,4,12.0,100.0,,,,,,0.8736762910002653,0.8625915830002668,0.0007056660001580894,0.0
azure:westeurope,gcp:southamerica-east1,4,12.0,200.0,920.3867999999999,4.388577931112977,920.3867999999999,1058.832,920.3868,0.869749832999787,0.8893439999997099,0.00068129199962641,0.0006160410002848948
azure:westeurope,gcp:southamerica-east1,4,12.0,300.0,918.1601999999999,2.9386729193022987,918.1602000000001,1058.832,920.3868,0.8882974170001035,0.8815542920001462,0.0007057499997245031,0.0006398750001608278
azure:westeurope,gcp:southamerica-east1,4,12.0,500.0,912.3281999999999,1.7526828681424576,912.3281999999999,1058.832,944.19,0.8892275420002989,0.9005703329999051,0.0007726670000920421,0.0007559170003332838
azure:westeurope,gcp:southamerica-east1,4,12.0,1000.0,912.3281999999999,3.9182266602502516,912.3281999999999,1058.832,920.3868,0.8890525420001723,0.8744973340003526,0.0007716669997535064,0.0006541249999827414
azure:westeurope,gcp:southamerica-east1,4,15.0,100.0,,,,,,0.8672001669997371,0.8584341670002686,0.0007025419999990845,0.0
azure:westeurope,gcp:southamerica-east1,4,15.0,200.0,1159.5419999999997,4.361457357064598,1159.542,1438.8012,1159.542,1.0423935419998998,0.9010979999998199,0.0006976250001571316,0.000638083000012557
azure:westeurope,gcp:southamerica-east1,4,15.0,300.0,1155.2742,2.9467258932826006,1155.2742,1438.8012,1159.542,0.8824885420003739,0.8710915830001795,0.0007104579999577254,0.0006522909998238902
azure:westeurope,gcp:southamerica-east1,4,15.0,500.0,1149.4422000000002,1.7536955893682702,1149.4422000000002,1438.8012,1170.72,0.8957411669998692,0.889221875000203,0.0007289580003089213,0.0006548750002366432
azure:westeurope,gcp:southamerica-east1,4,15.0,1000.0,1149.4422000000002,3.920490658705713,1149.4422000000002,1438.8012,1159.542,0.8845789160000095,0.8768303750002815,0.0008342500000253494,0.0008065839997470903
